userid,sleep_hours,physical_activity_hours,screen_time,caffeine_intake,smoking,work_hours,stress_level
user_1,7,2,4,1,No,8,Low
user_2,6,1,3,0,No,9,Medium
user_3,7,2,4,1,No,8,High
user_4,7,2,4,1,No,8,Low
user_5,8,3,2,1,No,7,Low
user_6,6,2,4,2,Yes,10,High
user_7,7,1,6,3,No,9,Medium
user_8,7.5,2.5,3.5,2,No,8,Medium
user_9,5.5,2,8,3,Yes,12,High
user_10,6,3,4.5,2,No,9,Medium
user_11,6.5,2,7,3,No,8,Medium
user_12,7,1.5,3,1,No,7,Low
user_13,5,1,6,3,Yes,10,High
user_14,8,3,2,1,No,7,Low
user_15,7,2,4,3,Yes,10,Medium
user_16,6.5,3,4,2,Yes,12,High
user_17,7,1.5,6,1,No,9,Medium
user_18,7.5,2,3.5,0,No,8,Low
user_19,5,1,5,3,Yes,14,High
user_20,8,3,2,1,No,7,Low
user_21,6.5,2,4,1,No,10,Medium
user_22,7,2.5,3.5,2,Yes,9,High
user_23,7,1.5,5,2,No,8,Medium
user_24,6,2,4,0,No,8,Low
user_25,7.5,2,3.5,1,Yes,10,Medium
user_26,8,3,2,0,No,9,Low
user_27,6,2.5,4,3,Yes,11,High
user_28,7,2,3,2,Yes,9,Medium
user_29,7,2,5,1,No,8,Medium
user_30,7.5,1.5,4,3,No,9,Low
user_31,6,3,5,2,Yes,12,High
user_32,8,2,3,1,No,7,Low
user_33,7,1.5,3,2,No,8,Medium
user_34,7,2,3,1,No,9,Medium
user_35,7.5,2,4,2,Yes,10,Medium
user_36,6,1.5,4,3,Yes,12,High
user_37,8,2,3,1,No,8,Low
user_38,7,2.5,5,1,No,10,Medium
user_39,6.5,3,3,2,No,9,Low
user_40,7,1.5,4,3,Yes,11,Medium
user_41,6.5,2,3,1,No,8,High
user_42,8,2,2,0,Yes,8,Low
user_43,7,3,4,2,Yes,10,Medium
user_44,6,4,5,1,No,9,High
user_45,7,3,3,0,Yes,8,Medium
user_46,7.5,2,4,1,No,9,High
user_47,6,3,5,2,No,12,Medium
user_48,8,2.5,4,0,Yes,10,Low
user_49,7,2,3,1,No,9,Medium
user_50,7.5,3,4,2,Yes,10,High
user_51,7,2,3,0,No,8,Low
user_52,7,2.5,4,1,No,9,Medium
user_53,8,2,3,1,No,10,Medium
user_54,7,2,3,1,Yes,8,Medium
user_55,7,2.5,4,2,No,10,High
user_56,6.5,3,4,1,No,12,Medium
user_57,7.5,2,3,1,Yes,9,Low
user_58,8,3,4,2,No,9,Medium
user_59,6,2.5,4,0,No,8,High
user_60,6.5,4,5,1,Yes,10,Medium
user_61,7,2,3,2,No,9,High
user_62,7,3,4,1,Yes,8,Medium
user_63,7,2,3,1,No,9,Low
user_64,6,2,4,1,Yes,11,Medium
user_65,7,3,4,1,Yes,9,Low
user_66,6.5,3,5,2,No,10,Medium
user_67,7,2.5,3,1,Yes,8,Low
user_68,6,4,5,1,No,12,High
user_69,7,3,3,2,No,8,Medium
user_70,7.5,2.5,4,1,Yes,10,High
user_71,7,2,3,1,No,9,Medium
user_72,6,3,5,1,No,10,Low
user_73,7,2,3,1,Yes,8,Medium
user_74,7,2.5,4,2,No,10,High
user_75,6.5,3,4,1,No,12,Medium
user_76,7.5,2,3,1,Yes,9,Low
user_77,8,3,4,2,No,9,Medium
user_78,6,2.5,4,0,No,8,High
user_79,6.5,4,5,1,Yes,10,Medium
user_80,7,2,3,2,No,9,High
user_81,7,3,4,1,Yes,8,Medium
user_82,7,2,3,1,No,9,Low
user_83,6,2,4,1,Yes,11,Medium
user_84,7,3,4,1,Yes,9,Low
user_85,6.5,3,5,2,No,10,Medium
user_86,7,2.5,3,1,Yes,8,Low
user_87,6,4,5,1,No,12,High
user_88,7,3,3,2,No,8,Medium
user_89,7,2,3,1,No,9,Medium
user_90,6,3,5,1,No,10,Low
user_91,7,2,3,1,Yes,8,Low
user_92,7,2,4,1,No,8,Medium
user_93,6,4,5,2,No,9,High
user_94,8,3,4,1,Yes,10,Medium
user_95,7.5,2,3,1,No,8,Low
user_96,7,3,3,2,No,9,High
user_97,6.5,4,5,1,Yes,10,Medium
user_98,8,3,4,0,Yes,8,Medium
user_99,7,2,3,1,No,9,High
user_100,6,3,4,2,Yes,10,Low
user_101,7,2,3,1,No,9,Medium
user_102,8,3,4,1,No,10,High
user_103,7,2,3,2,Yes,9,Medium
user_104,6.5,3,4,1,No,8,Low
user_105,7,4,5,2,Yes,10,Medium
user_106,8,3,3,1,No,9,High
user_107,7.5,3,4,1,Yes,10,Medium
user_108,6.5,4,5,1,Yes,9,Low
user_109,7,2,3,1,No,8,Medium
user_110,6,3,4,1,Yes,10,High
user_111,7,3,4,2,Yes,8,Medium
user_112,7,3,4,1,No,9,Low
user_113,6.5,4,5,2,Yes,10,Medium
user_114,7,3,4,1,No,9,High
user_115,7.5,3,4,1,No,10,Low
user_116,6.5,4,5,2,No,8,Medium
user_117,7,3,4,1,Yes,9,High
user_118,8,3,4,2,No,10,Low
user_119,6,4,5,1,Yes,8,Medium
user_120,7,2,3,1,Yes,9,High
user_121,8,3,4,2,No,10,Low
user_122,6.5,3,4,1,Yes,9,Medium
user_123,7,2,3,1,No,8,Low
user_124,8,3,4,1,No,9,Medium
user_125,7,3,4,2,Yes,10,High
user_126,6,4,5,1,Yes,9,Medium
user_127,7,3,4,1,No,8,High
user_128,8,3,4,2,Yes,9,Medium
user_129,6,4,5,1,Yes,9,Low
user_130,7,2,3,1,No,8,High
user_131,7,3,4,2,No,9,Medium
user_132,8,2,3,1,Yes,9,High
user_133,7,3,4,1,No,8,Low
user_134,6,3,4,2,Yes,10,Medium
user_135,7,3,4,1,No,9,High
user_136,7,2,3,1,Yes,8,Low
user_137,8,3,4,1,No,9,Medium
user_138,6,3,4,2,No,8,High
user_139,7,3,4,1,Yes,9,Low
user_140,6,4,5,1,Yes,8,Medium
user_141,7,2,3,1,No,9,High
user_142,7,3,4,2,No,8,Low
user_143,8,3,4,1,Yes,10,Medium
user_144,7,3,4,1,No,9,High
user_145,6,3,4,2,No,9,Medium
user_146,8,3,4,1,Yes,10,High
user_147,7,2,3,1,No,8,Medium
user_148,7,3,4,2,Yes,9,Low
user_149,7,3,4,1,No,8,High
user_150,6,3,4,1,Yes,9,Medium
user_151,6,3,4,1,Yes,8,Low
user_152,7,2,3,1,No,9,Medium
user_153,8,3,5,2,Yes,9,High
user_154,7,2,3,1,No,8,Medium
user_155,6,3,4,2,Yes,8,High
user_156,7,3,4,2,Yes,9,Low
user_157,8,2,3,1,No,9,Medium
user_158,7,3,5,1,Yes,8,High
user_159,6,3,4,2,No,9,Low
user_160,7,4,5,1,Yes,9,Medium
user_161,7,2,4,1,No,8,Medium
user_162,6,3,4,2,Yes,11,High
user_163,8,3,3,1,No,9,Low
user_164,7,2,3,1,No,10,Medium
user_165,6.5,2.5,4,1,Yes,8,High
user_166,7,3,5,2,No,9,Low
user_167,7,2,3,1,Yes,9,Medium
user_168,7,2.5,3,1,No,10,High
user_169,6,3,4,2,Yes,9,Medium
user_170,6.5,4,5,1,No,11,Low
user_171,7.5,2,3,1,No,8,High
user_172,7,3,4,2,Yes,10,Medium
user_173,8,2,3,1,No,9,Low
user_174,7,2.5,4,1,No,8,Medium
user_175,6.5,3,4,1,Yes,9,High
user_176,7,3,4,2,No,9,Low
user_177,7,2.5,4,1,Yes,8,Medium
user_178,6.5,2,3,2,No,10,High
user_179,7,3,5,1,Yes,9,Medium
user_180,7,3,5,1,No,10,High
user_181,7,3,4,2,Yes,9,Medium
user_182,7,3,3,1,Yes,9,Low
user_183,7.5,2,3,1,No,9,High
user_184,7,3,4,2,Yes,8,Medium
user_185,6,3,3,2,No,8,Medium
user_186,7,2,4,1,Yes,9,High
user_187,7,3,4,1,No,10,Low
user_188,7,2,3,1,No,8,Medium
user_189,7,3,4,2,Yes,10,High
user_190,6,2,3,1,Yes,9,Low
user_191,7,3,5,1,No,8,Medium
user_192,6,2,3,1,Yes,9,High
user_193,7.5,3,4,2,No,10,Low
user_194,6.5,2,3,1,Yes,8,Medium
user_195,7,3,4,1,No,10,High
user_196,7,2,4,1,No,9,Low
user_197,6.5,3,5,1,Yes,8,Medium
user_198,6,3,4,1,No,9,High
user_199,7,2,3,1,Yes,10,Low
user_200,7,3,5,1,No,9,Medium
user_201,7,2,3,1,Yes,9,High
user_202,7,3,5,2,Yes,10,Low
user_203,7,2,3,1,No,9,Medium
user_204,7,3,4,2,Yes,9,High
user_205,7,3,4,1,No,10,Low
user_206,6,3,4,2,Yes,9,Medium
user_207,7,3,4,1,No,10,High
user_208,6,2,3,1,No,8,Medium
user_209,7,3,4,1,Yes,9,High
user_210,7,2,3,1,Yes,10,Low
user_211,6,3,4,1,No,9,Medium
user_212,7,2,4,1,No,8,High
user_213,6,3,5,1,Yes,9,Low
user_214,7,2,3,1,Yes,10,Medium
user_215,6.5,2,3,1,No,9,High
user_216,7,3,4,2,Yes,8,Low
user_217,6,2,3,1,No,9,Medium
user_218,7,3,4,2,Yes,9,High
user_219,6.5,3,5,1,Yes,8,Low
user_220,7,2,4,1,No,10,Medium
user_221,6.5,3,5,1,No,9,High
user_222,7,2,4,1,Yes,8,Low
user_223,6,2,4,1,No,9,Medium
user_224,7,3,4,1,No,10,High
user_225,6,2,3,1,Yes,8,Low
user_226,7,2,4,1,No,9,Medium
user_227,6,3,5,2,Yes,9,High
user_228,7,2,4,1,Yes,8,Low
user_229,7,2,3,1,No,9,Medium
user_230,6.5,3,5,1,Yes,8,High
user_231,7,2,4,1,Yes,9,Low
user_232,6,2,4,1,No,9,Medium
user_233,7,3,5,1,No,10,High
user_234,6,2,4,1,No,8,Low
user_235,6,1,4,0,No,8,Medium
user_236,7,2,5,1,Yes,9,High
user_237,6,2,3,1,Yes,9,Low
user_238,7,3,4,2,No,8,Medium
user_239,6,2,3,1,Yes,9,High
user_240,7,3,5,1,No,8,Medium
user_241,6,1,3,1,Yes,9,Low
user_242,7,3,4,1,Yes,8,High
user_243,6,2,3,1,No,9,Medium
user_244,7,3,5,1,Yes,8,Low
user_245,6,1,4,1,Yes,8,Medium
user_246,7,3,4,1,No,9,High
user_247,6,1,3,0,No,8,Medium
user_248,7,3,4,1,Yes,9,Low
user_249,6,2,3,1,Yes,8,High
user_250,7,3,5,2,No,9,Medium
user_251,6,2,3,1,Yes,8,Low
user_252,7,3,4,1,No,9,High
user_253,6,1,4,1,Yes,8,Medium
user_254,7,3,5,2,Yes,9,Low
user_255,7,2,4,1,Yes,9,High
user_256,6,1,3,1,No,8,Medium
user_257,7,3,5,2,No,9,Low
user_258,6,2,3,1,Yes,8,Medium
user_259,7,3,5,1,Yes,9,High
user_260,6,1,4,0,No,8,Medium
user_261,7,3,4,2,No,9,Low
user_262,6,2,3,1,Yes,8,Medium
user_263,7,3,5,1,No,9,High
user_264,6,2,3,0,Yes,8,Medium
user_265,7,3,4,1,Yes,9,Low
user_266,6,1,4,1,Yes,8,Medium
user_267,7,3,5,2,No,9,High
user_268,6,2,3,0,Yes,8,Medium
user_269,7,3,5,1,Yes,9,Low
user_270,6,2,3,1,Yes,8,Medium
user_271,7,3,5,2,No,9,High
user_272,6,1,4,0,Yes,8,Medium
user_273,7,3,4,1,Yes,9,Low
user_274,6,2,3,1,No,8,Medium
user_275,7,3,5,2,No,9,High
user_276,6,1,4,1,Yes,8,Medium
user_277,7,3,4,1,Yes,9,Low
user_278,6,2,3,1,Yes,8,Medium
user_279,7,3,5,2,No,9,High
user_280,6,1,4,1,Yes,8,Medium
user_281,7,3,4,2,Yes,9,Low
user_282,6,2,3,1,No,8,Medium
user_283,4,2,3,0,Yes,7,Medium
user_284,3.5,1,2,1,No,6,Low
user_285,4.5,3,4,2,Yes,7,High
user_286,3.8,2,2,0,Yes,6,Medium
user_287,4,3,5,1,No,7,Low
user_288,4,1,3,0,Yes,6,Medium
user_289,3.5,3,5,2,No,7,High
user_290,4.2,2,3,1,Yes,6,Medium
user_291,4,3,4,2,Yes,7,Low
user_292,3.8,2,3,0,Yes,6,Medium
user_293,4.2,2,3,0,Yes,8,Medium
user_294,4.1,1,3,1,Yes,7,Low
user_295,4.5,3,4,2,No,6,High
user_296,3.9,2,3,0,Yes,6,Medium
user_297,4.3,3,5,1,Yes,8,Low
user_298,4,1,3,0,Yes,6,Medium
user_299,3.8,3,5,2,No,7,High
user_300,3.7,2,3,1,Yes,6,Medium
user_301,4.2,3,4,2,Yes,7,Medium
user_302,4,2,2,1,No,6,Low
user_303,4.1,3,5,2,Yes,7,High
user_304,3.9,2,4,1,No,6,Medium
user_305,3.6,3,5,2,Yes,7,High
user_306,4,2,3,1,Yes,6,Low
user_307,3.5,4,5,1,No,7,Medium
user_308,4.3,1,2,0,Yes,6,Medium
user_309,3.9,2,3,1,No,7,High
user_310,3.8,3,4,2,Yes,8,Medium
user_311,4.2,3,4,2,Yes,7,High
user_312,4.1,2,2,0,No,6,Low
user_313,5.2,4,5,2,Yes,9,High
user_314,6,3,4,1,Yes,8,High
user_315,5.5,4,5,2,Yes,9,High
user_316,6.1,3,4,1,Yes,8,High
user_317,5.8,4,5,2,Yes,9,High
user_318,6.5,2,4,1,Yes,8,High
user_319,5.4,4,5,3,Yes,10,High
user_320,6.2,3,4,2,Yes,8,High
user_321,5.7,4,5,2,Yes,9,High
user_322,6.3,3,4,1,No,8,High
user_323,5.9,4,5,3,Yes,10,High
user_324,6.4,2,3,2,No,8,High
user_325,5.6,4,5,3,Yes,9,High
user_326,6.5,2,4,1,No,8,High
user_327,5.3,4,5,2,Yes,9,High
user_328,6.2,3,4,1,Yes,8,High
user_329,5.5,4,5,3,Yes,9,High
user_330,6.1,2,3,1,No,8,High
user_331,5.8,4,5,3,Yes,10,High
user_332,6.3,3,4,2,No,8,High
user_333,5.2,4,5,2,Yes,9,High
user_334,6,3,4,1,Yes,8,High
user_335,5.8,4,5,2,Yes,9,High
user_336,6.1,3,4,1,Yes,8,High
user_337,5.9,4,5,2,Yes,9,High
user_338,6.4,2,4,1,Yes,8,High
user_339,5.3,4,5,3,Yes,10,High
user_340,6.1,3,4,2,Yes,8,High
user_341,5.7,4,5,2,Yes,9,High
user_342,6.5,3,4,1,Yes,8,High
user_343,5.6,4,5,3,Yes,10,High
user_344,6.3,2,3,2,No,8,High
user_345,5.4,4,5,3,Yes,9,High
user_346,6.4,2,4,1,No,8,High
user_347,5.5,4,5,2,Yes,9,High
user_348,6.2,3,4,1,Yes,8,High
user_349,5.8,4,5,3,Yes,9,High
user_350,6.1,2,3,1,No,8,High
user_351,5.3,4,5,3,Yes,10,High
user_352,6.4,3,4,2,No,8,High
user_353,7.2,3,4,1,No,8,Low
user_354,6.5,2,3,1,No,9,Medium
user_355,5.8,3,5,2,Yes,9,High
user_356,6.8,3,3,1,No,8,Low
user_357,6.1,4,5,2,Yes,8,Medium
user_358,5.9,2,4,1,Yes,8,Low
user_359,5.3,4,5,3,Yes,9,High
user_360,6.2,3,4,1,No,8,Medium
user_361,6.3,4,4,2,Yes,8,Medium
user_362,6.5,2,4,1,No,8,Low
user_363,5.4,3,5,2,Yes,9,High
user_364,6.7,2,3,1,No,8,Low
user_365,5.6,4,5,2,Yes,10,High
user_366,6.1,2,3,1,No,8,Medium
user_367,5.7,4,5,3,Yes,9,High
user_368,6.4,3,3,1,No,8,Medium
user_369,5.5,4,5,3,Yes,9,High
user_370,6.3,2,3,1,No,8,Low
user_371,5.8,3,5,2,Yes,10,High
user_372,6.2,2,4,1,No,8,Medium
user_373,7.5,3,4,1,No,9,Low
user_374,6.3,2,4,1,No,8,Medium
user_375,6.2,3,5,2,Yes,8,High
user_376,6.8,2,3,1,No,8,Low
user_377,5.9,3,5,2,Yes,9,High
user_378,7,3,3,1,No,8,Low
user_379,6.7,3,4,1,No,8,Medium
user_380,6.5,3,4,1,No,9,Low
user_381,5.5,3,5,2,Yes,9,High
user_382,6.9,3,3,1,No,8,Medium
user_383,6,4,5,3,Yes,10,High
user_384,6.3,3,3,1,No,8,Low
user_385,5.8,3,4,2,Yes,9,Medium
user_386,7.1,2,3,1,No,8,Low
user_387,5.6,4,5,3,Yes,9,High
user_388,6.7,3,3,1,No,8,Medium
user_389,5.4,4,5,3,Yes,9,High
user_390,6.5,2,3,1,No,8,Low
user_391,6.1,4,5,2,Yes,9,High
user_392,6.8,3,3,1,No,8,Medium
user_393,6.2,3,4,2,Yes,8,Medium
user_394,6.9,2,3,1,No,7,Low
user_395,5.7,4,5,3,Yes,9,High
user_396,6.8,3,3,1,No,7,Medium
user_397,5.5,4,5,2,Yes,9,High
user_398,6.9,2,3,1,No,8,Low
user_399,5.4,4,5,3,Yes,10,High
user_400,6.7,3,3,1,No,7,Low
user_401,6,3,4,2,Yes,8,Medium
user_402,7,2,3,1,No,8,Low
user_403,5.3,4,5,3,Yes,9,High
user_404,6.8,2,3,1,No,7,Medium
user_405,6,3,4,2,Yes,8,Medium
user_406,6.9,3,3,1,No,8,Low
user_407,5.8,4,5,3,Yes,9,High
user_408,6.5,2,3,1,No,7,Medium
user_409,5.6,4,5,2,Yes,10,High
user_410,6.9,3,3,1,No,7,Medium
user_411,6,3,4,2,No,8,Medium
user_412,6.5,2,3,1,No,8,Low
user_413,6.3,4,4,2,Yes,9,High
user_414,6.9,3,3,1,No,8,Low
user_415,5.8,4,5,3,Yes,9,High
user_416,6.8,3,3,1,No,8,Medium
user_417,5.9,4,5,3,Yes,10,High
user_418,6.8,2,3,1,No,8,Low
user_419,5.5,4,5,3,Yes,10,High
user_420,6.9,3,3,1,No,7,Medium
user_421,5.8,4,5,3,Yes,8,High
user_422,7.2,2,3,1,No,7,Medium
user_423,6.5,3,4,2,Yes,9,Medium
user_424,6,3,3,2,No,7,Low
user_425,6.8,4,5,3,Yes,9,High
user_426,7,3,3,2,No,7,Medium
user_427,5.9,5,6,3,Yes,9,High
user_428,6.2,4,5,3,Yes,8,Medium
user_429,6.7,3,3,2,No,8,Low
user_430,6.3,3,4,2,Yes,7,Medium
user_431,5.8,4,5,3,Yes,9,High
user_432,6,4,5,3,Yes,9,Medium
user_433,6.6,2,3,2,No,8,Low
user_434,6.8,3,4,2,Yes,7,Medium
user_435,5.7,4,5,3,Yes,9,High
user_436,6,3,3,2,No,7,Low
user_437,6.5,3,4,2,No,8,Medium
user_438,5.8,4,5,3,Yes,9,High
user_439,6.2,3,4,2,Yes,7,Medium
user_440,6,3,4,2,No,8,Medium
user_441,6.7,3,3,2,No,8,Low
user_442,6.5,3,3,2,Yes,7,Medium
user_443,5.6,4,5,3,Yes,9,High
user_444,5.5,5,6,3,Yes,10,High
user_445,6.9,3,3,1,No,8,Low
user_446,6.4,3,3,2,Yes,7,Medium
user_447,6,4,5,3,Yes,9,High
user_448,7.2,2,3,1,No,7,Low
user_449,6,4,5,3,Yes,8,Medium
user_450,6.8,4,5,3,Yes,9,High
user_451,5.9,4,5,3,No,8,Medium
user_452,6.7,5,6,4,Yes,9,High
user_453,7.3,2,3,1,No,7,Low
user_454,6.3,3,3,2,Yes,8,Medium
user_455,7.1,2,3,1,No,7,Low
user_456,6,3,3,2,No,8,Medium
user_457,5.8,4,5,3,Yes,9,High
user_458,6.4,2,3,2,No,7,Low
user_459,6.6,3,4,2,Yes,8,Medium
user_460,6.8,2,3,2,No,7,Medium
user_461,5.6,5,6,4,Yes,9,High
user_462,7.5,2,3,1,No,7,Low
user_463,5.7,4,5,3,Yes,8,Medium
user_464,6.3,3,4,2,Yes,7,Medium
user_465,6.9,2,3,1,No,7,Medium
user_466,6.4,2,3,1,No,7,Low
user_467,7.1,3,4,2,Yes,8,High
user_468,5.8,4,5,3,Yes,9,High
user_469,6.7,2,3,2,No,8,Low
user_470,6.2,3,4,2,Yes,7,Medium
user_471,6,3,4,2,Yes,8,Medium
user_472,6.3,4,5,3,Yes,9,High
user_473,6.8,3,4,2,Yes,8,Medium
user_474,6,4,5,3,No,8,High
user_475,7.2,2,3,1,No,7,Low
user_476,5.8,4,5,3,Yes,9,Medium
user_477,6.5,3,4,2,Yes,8,Medium
user_478,5.7,4,5,3,Yes,8,High
user_479,6.3,3,4,2,No,8,Medium
user_480,6.7,2,3,1,Yes,7,Low
user_481,6.9,2,3,1,Yes,7,Medium
user_482,6,4,5,3,No,8,High
user_483,6.3,3,4,2,Yes,9,High
user_484,7.1,2,3,1,No,7,Low
user_485,6.8,3,4,2,Yes,8,Medium
user_486,5.9,4,5,3,No,9,High
user_487,6.5,2,3,1,Yes,7,Medium
user_488,6.4,4,5,3,No,8,Medium
user_489,7,2,3,1,Yes,7,Low
user_490,6.2,3,4,2,Yes,8,Medium
user_491,6.1,3,4,2,Yes,8,Low
user_492,6.6,2,3,1,No,7,Medium
user_493,5.8,4,5,3,Yes,9,High
user_494,5.9,4,5,3,No,8,High
user_495,6.2,2,3,1,Yes,7,Medium
user_496,6.4,3,4,2,Yes,8,Low
user_497,6.3,3,4,2,No,8,Medium
user_498,6,4,5,3,Yes,9,High
user_499,6.5,3,4,2,Yes,8,Medium
user_500,7,2,3,1,No,7,Low
user_501,6.3,3,4,2,Yes,8,Medium
user_502,5.8,4,5,3,No,9,High
user_503,6.8,3,4,2,No,8,Medium
user_504,6.5,4,5,3,Yes,9,High
user_505,6,3,4,2,Yes,8,Medium
user_506,7.2,2,3,1,No,7,Low
user_507,5.9,4,5,3,Yes,9,High
user_508,6.3,3,4,2,No,8,Medium
user_509,6.5,2,3,1,Yes,7,Low
user_510,6.2,3,4,2,Yes,8,Medium
user_511,5.9,4,5,3,No,9,High
user_512,6.4,3,4,2,Yes,8,Medium
user_513,6.1,3,4,2,No,8,High
user_514,6.3,2,3,1,No,7,Low
user_515,7,2,3,1,Yes,7,Medium
user_516,5.8,4,5,3,Yes,9,High
user_517,6.2,3,4,2,Yes,8,Medium
user_518,6.6,4,5,3,Yes,9,High
user_519,7,2,3,1,No,7,Low
user_520,6.4,3,4,2,Yes,8,Medium
user_521,7.2,2,3,1,No,7,Low
user_522,6.1,3,4,2,Yes,8,Medium
user_523,5.7,4,5,3,Yes,9,High
user_524,6.3,3,4,2,No,8,Medium
user_525,6.2,4,5,3,Yes,9,High
user_526,6.8,2,3,1,No,7,Low
user_527,5.6,4,5,3,Yes,9,High
user_528,6.2,3,4,2,Yes,8,Medium
user_529,5.5,4,5,3,Yes,9,High
user_530,6,3,4,2,No,8,Medium
user_531,6.3,3,4,2,Yes,8,High
user_532,5.8,4,5,3,Yes,9,High
user_533,7,2,3,1,No,7,Low
user_534,6.6,3,4,2,Yes,8,Medium
user_535,6,4,5,3,Yes,9,High
user_536,6.2,3,4,2,No,8,Medium
user_537,5.6,4,5,3,Yes,9,High
user_538,6.7,3,4,2,Yes,8,Medium
user_539,5.9,4,5,3,No,9,High
user_540,6.4,3,4,2,Yes,8,Medium
user_541,5.8,4,5,3,No,9,High
user_542,6,3,4,2,No,7,Low
user_543,6.3,3,4,2,Yes,8,Medium
user_544,5.9,3,4,2,Yes,8,High
user_545,6,4,5,3,No,9,High
user_546,7.1,2,3,1,No,7,Low
user_547,6.5,4,5,3,Yes,8,High
user_548,6,3,4,2,Yes,8,Medium
user_549,6.4,3,4,2,No,8,Medium
user_550,6.3,3,4,2,Yes,7,Medium
user_551,6.2,4,5,3,Yes,9,High
user_552,6,4,5,3,No,8,High
user_553,7.2,2,3,1,No,7,Low
user_554,5.8,4,5,3,Yes,9,High
user_555,6.6,3,4,2,Yes,8,Medium
user_556,5.7,4,5,3,No,9,High
user_557,6.1,3,4,2,Yes,8,Medium
user_558,5.9,4,5,3,Yes,9,High
user_559,6.4,3,4,2,No,7,Low
user_560,5.8,4,5,3,No,9,High
user_561,6,3,4,2,Yes,8,Medium
user_562,6.3,3,4,2,No,8,Medium
user_563,5.7,4,5,3,Yes,9,High
user_564,7.1,2,3,1,No,7,Low
user_565,6.2,3,4,2,Yes,8,Medium
user_566,5.6,4,5,3,Yes,9,High
user_567,6.3,3,4,2,Yes,8,Medium
user_568,6,3,4,2,No,8,High
user_569,5.9,3,4,2,Yes,8,High
user_570,7.1,2,3,1,No,7,Low
user_571,6.3,4,5,3,Yes,9,High
user_572,6.2,3,4,2,Yes,8,Medium
user_573,6.4,3,4,2,No,7,Medium
user_574,6.1,4,5,3,No,8,High
user_575,6.2,3,4,2,Yes,7,Medium
user_576,6.5,3,4,2,No,8,Medium
user_577,6.3,4,5,3,Yes,8,High
user_578,7,2,3,1,No,7,Low
user_579,6,4,5,3,Yes,9,High
user_580,6.3,3,4,2,No,8,Medium
user_581,5.8,4,5,3,Yes,8,High
user_582,6,3,4,2,No,7,Medium
user_583,6.4,4,5,3,Yes,9,High
user_584,6.5,3,4,2,Yes,7,Medium
user_585,5.9,4,5,3,Yes,8,High
user_586,6.1,3,4,2,No,7,Low
user_587,5.8,4,5,3,Yes,8,High
user_588,6.4,3,4,2,No,8,Medium
user_589,6.3,3,4,2,Yes,7,High
user_590,6.2,3,4,2,No,7,Low
user_591,6.2,3,4,2,Yes,8,High
user_592,6,4,5,3,No,7,Medium
user_593,6.3,4,5,3,Yes,8,High
user_594,6.1,3,4,2,No,7,Medium
user_595,6.4,4,5,3,Yes,9,High
user_596,6,3,4,2,Yes,7,Medium
user_597,6.3,4,5,3,Yes,8,High
user_598,6.2,3,4,2,No,8,Medium
user_599,5.8,4,5,3,Yes,8,High
user_600,6.1,3,4,2,No,7,Medium
user_601,6.3,3,4,2,Yes,7,Low
user_602,6.4,4,5,3,No,8,Medium
user_603,6.2,4,5,3,Yes,8,High
user_604,6,3,4,2,Yes,7,Medium
user_605,6.3,4,5,3,Yes,8,High
user_606,6.2,3,4,2,No,7,Medium
user_607,6,3,4,2,Yes,7,Low
user_608,6.3,3,4,2,No,8,Medium
user_609,6.1,4,5,3,Yes,7,High
user_610,6.2,3,4,2,No,7,Medium
user_611,6.3,4,5,3,Yes,8,High
user_612,6,3,4,2,Yes,7,Medium
user_613,6.2,3,4,2,Yes,7,Low
user_614,6.1,4,5,3,Yes,8,Medium
user_615,6,4,5,3,Yes,8,High
user_616,6.2,3,4,2,No,7,Medium
user_617,6.3,4,5,3,Yes,8,High
user_618,6.1,3,4,2,No,7,Medium
user_619,6,4,5,3,Yes,8,High
user_620,6.2,3,4,2,No,7,Medium
user_621,6.3,4,5,3,Yes,8,High
user_622,6.1,3,4,2,Yes,7,Medium
user_623,6,4,5,3,No,8,High
user_624,6.2,3,4,2,No,7,Medium
user_625,6,4,5,3,Yes,8,High
user_626,6.3,3,4,2,Yes,7,Medium
user_627,6.2,4,5,3,Yes,8,High
user_628,6.1,3,4,2,No,7,Medium
user_629,6.2,4,5,3,Yes,8,High
user_630,6,3,4,2,No,7,Medium
user_631,6.3,4,5,3,Yes,8,Low
user_632,6.2,4,5,3,Yes,8,High
user_633,6,3,4,2,No,7,Medium
user_634,6.1,4,5,3,Yes,8,High
user_635,6.3,4,5,3,Yes,8,High
user_636,6.3,3,4,2,Yes,8,High
user_637,6.4,4,5,3,Yes,9,High
user_638,6,3,4,2,No,8,Medium
user_639,6.2,4,5,3,Yes,9,High
user_640,5.9,4,5,3,No,7,Medium
user_641,6.1,3,4,2,Yes,8,High
user_642,6.4,3,4,2,Yes,7,Medium
user_643,6.2,4,5,3,No,8,Low
user_644,6,3,4,2,Yes,7,Medium
user_645,6.1,4,5,3,Yes,8,High
user_646,6.3,3,4,2,No,9,Low
user_647,6,3,4,2,Yes,7,Medium
user_648,6.4,4,5,3,No,8,High
user_649,6.3,3,4,2,Yes,8,Medium
user_650,6.2,3,4,2,Yes,7,Low
user_651,6.1,3,4,2,No,7,Medium
user_652,6,4,5,3,Yes,8,High
user_653,6.3,3,4,2,No,8,Low
user_654,6.2,4,5,3,Yes,8,Medium
user_655,6.1,3,4,2,Yes,7,Low
user_656,6.2,4,5,3,No,9,Medium
user_657,6.4,3,4,2,Yes,8,High
user_658,6.2,4,5,3,Yes,8,Medium
user_659,6,3,4,2,No,7,High
user_660,6.1,4,5,3,Yes,8,High
user_661,6.2,3,4,2,No,7,Medium
user_662,6.3,4,5,3,Yes,8,High
user_663,6,3,4,2,No,7,Medium
user_664,6.2,4,5,3,Yes,8,High
user_665,6.1,3,4,2,No,7,Medium
user_666,6.2,4,5,3,Yes,8,High
user_667,6,3,4,2,No,7,Medium
user_668,6.3,4,5,3,Yes,8,High
user_669,6.2,3,4,2,No,7,Medium
user_670,6.1,4,5,3,Yes,8,High
user_671,6.2,3,4,2,No,7,Medium
user_672,6,4,5,3,Yes,8,High
user_673,6.3,3,4,2,No,7,Medium
user_674,6.2,4,5,3,Yes,8,High
user_675,6,3,4,2,No,7,Medium
user_676,6.2,4,5,3,Yes,8,High
user_677,6.3,3,4,2,No,7,Medium
user_678,6.1,4,5,3,Yes,8,High
user_679,6,3,4,2,No,7,Medium
user_680,6.1,3,4,2,No,7,Medium
user_681,6.3,4,5,3,Yes,8,High
user_682,6,3,4,2,No,7,Medium
user_683,6.2,4,5,3,Yes,8,High
user_684,6.1,3,4,2,No,7,Medium
user_685,6.3,4,5,3,Yes,8,High
user_686,6.2,3,4,2,No,7,Medium
user_687,6.1,4,5,3,Yes,8,High
user_688,6.2,3,4,2,No,7,Medium
user_689,6.3,4,5,3,Yes,8,High
user_690,6,3,4,2,No,7,Medium
user_691,6.1,4,5,3,Yes,8,High
user_692,6.2,3,4,2,No,7,Medium
user_693,6.3,4,5,3,Yes,8,High
user_694,6.1,3,4,2,No,7,Medium
user_695,6.2,4,5,3,Yes,8,High
user_696,6,3,4,2,No,7,Medium
user_697,6.3,4,5,3,Yes,8,High
user_698,6.1,3,4,2,No,7,Medium
user_699,6,4,5,3,Yes,8,High
user_700,6.3,3,4,2,No,7,Medium
user_701,6.1,4,5,3,Yes,8,High
user_702,6.2,3,4,2,No,7,Medium
user_703,6.3,4,5,3,Yes,8,High
user_704,6,3,4,2,No,7,Medium
user_705,6.2,4,5,3,Yes,8,High
user_706,6.1,3,4,2,No,7,Medium
user_707,6.3,4,5,3,Yes,8,High
user_708,6.2,3,4,2,No,7,Medium
user_709,6.3,4,5,3,Yes,8,High
user_710,6.1,3,4,2,No,7,Medium
user_711,6.2,4,5,3,Yes,8,High
user_712,6,3,4,2,No,7,Medium
user_713,6.2,4,5,3,Yes,8,High
user_714,6.1,3,4,2,No,7,Medium
user_715,6.3,4,5,3,Yes,8,High
user_716,6,3,4,2,No,7,Medium
user_717,6.2,4,5,3,Yes,8,High
user_718,6.1,3,4,2,No,7,Medium
user_719,6.3,4,5,3,Yes,8,High
user_720,6,3,4,2,No,7,Medium
user_721,6.2,4,5,3,Yes,8,High
user_722,6.1,3,4,2,No,7,Medium
user_723,6.3,4,5,3,Yes,8,High
user_724,6.2,3,4,2,No,7,Medium
user_725,6.1,3,4,2,No,7,Low
user_726,6.3,4,5,3,Yes,8,High
user_727,6,3,4,2,No,7,Medium
user_728,6.2,4,5,3,Yes,8,High
user_729,6.1,3,4,2,No,7,Medium
user_730,6,4,5,3,Yes,8,High
user_731,6.2,3,4,2,No,7,Medium
user_732,6.1,3,4,2,No,7,High
user_733,6.3,4,5,3,Yes,8,Medium
user_734,6,3,4,2,No,7,Low
user_735,6.1,4,5,3,Yes,8,High
user_736,6.2,3,4,2,No,7,Medium
user_737,6,3,4,2,No,7,High
user_738,6.2,3,4,2,No,7,Medium
user_739,6.1,4,5,3,Yes,8,High
user_740,6,3,4,2,No,7,Medium
user_741,6.3,4,5,3,Yes,8,High
user_742,6.1,3,4,2,No,7,Medium
user_743,6.2,4,5,3,Yes,8,High
user_744,6.3,3,4,2,No,7,Medium
user_745,6,4,5,3,Yes,8,High
user_746,6.3,4,5,3,Yes,7,High
user_747,6.2,3,4,2,No,8,Medium
user_748,6.1,3,4,2,No,7,High
user_749,6.3,4,5,3,Yes,8,Low
user_750,6,4,5,3,Yes,7,Medium
user_751,6.2,3,4,2,No,7,High
user_752,6.1,4,5,3,Yes,8,High
user_753,6,3,4,2,No,7,Medium
user_754,6.2,4,5,3,Yes,8,Low
user_755,6.3,3,4,2,No,7,Medium
user_756,6,4,5,3,Yes,7,High
user_757,6.2,3,4,2,No,8,Low
user_758,6.3,3,4,2,No,7,High
user_759,6.1,4,5,3,Yes,7,Medium
user_760,6,4,5,3,Yes,8,High
user_761,6.3,3,4,2,No,7,Medium
user_762,6.1,4,5,3,Yes,8,Low
user_763,6,3,4,2,No,7,Medium
user_764,6.2,4,5,3,Yes,8,High
user_765,6.1,4,5,3,Yes,8,Low
user_766,6,4,5,3,Yes,7,High
user_767,6.2,3,4,2,No,7,Medium
user_768,6.1,4,5,3,Yes,8,High
user_769,6.3,3,4,2,No,7,Medium
user_770,6,3,4,2,No,7,Low
user_771,6.1,4,5,3,Yes,7,High
user_772,6.2,3,4,2,No,7,Medium
user_773,6.3,4,5,3,Yes,8,High
user_232,7.7,2.5,4.7,3,Yes,9.1,high
user_133,5.2,3,3.1,1,No,9.6,medium
user_516,5.9,0.6,4.4,3,Yes,7.4,high
user_67,5.5,3,4.1,1,No,8.3,medium
user_298,5.2,0.8,3.4,1,Yes,7.6,high
user_533,8.1,1.9,3.9,1,Yes,5.6,medium
user_704,7,3.6,5.5,4,No,7.7,medium
user_502,5.4,2.2,4.8,2,Yes,8.2,high
user_169,6.3,1.5,4.3,2,Yes,8.9,high
user_234,7,2.7,4.8,1,No,8.3,low
user_135,6.5,2.4,4.5,1,No,8.8,medium
user_23,8.3,3.4,4.9,1,No,8.7,low
user_376,5.8,2.9,2.2,2,No,10.1,high
user_656,7,2.9,4.3,3,Yes,9,high
user_639,7.2,2.6,3.6,3,No,8.1,low
user_50,6.6,4.3,3,1,No,7.6,low
user_21,6.1,3.1,5.3,2,No,9,medium
user_119,6.7,1.8,4.5,2,Yes,10,high
user_390,6.3,3.1,5.4,1,No,9.1,medium
user_259,5.3,1.4,3.9,2,Yes,9,high
user_157,6.5,2.5,3.4,0,No,8.1,medium
user_703,8,2,3.8,2,No,8.8,low
user_431,6.9,3.4,4.5,2,No,7.5,medium
user_533,6.1,2.9,3.6,3,Yes,8.1,high
user_621,6.6,2.6,4.4,1,No,7.9,low
user_108,7.1,3,3.2,1,No,8.6,low
user_117,7,3.5,3.2,2,No,5.9,low
user_204,5.6,2.1,4.7,2,No,7.6,medium
user_536,6.4,3.5,4.6,3,No,7.5,medium
user_721,6.6,3,3.7,0,Yes,6.2,medium
user_165,6.6,2.3,4.4,2,No,8.1,medium
user_509,6,4.5,3.4,1,No,8.7,medium
user_493,6.7,3.6,4.2,1,Yes,7.4,medium
user_3,6.7,4.3,4.7,3,No,9.1,medium
user_92,6.3,2.1,5.1,0,No,9.6,medium
user_686,6.4,2.9,4,2,Yes,9.3,high
user_93,6.3,4,3.5,3,No,8.6,medium
user_741,5.9,2.9,3.5,4,No,9.3,high
user_660,7.1,3.1,6.5,3,No,8.5,medium
user_304,5.3,2.8,4.8,4,Yes,6.5,high
user_52,6.9,3.9,4,0,No,9.4,low
user_41,6.8,3.1,3.5,1,Yes,6.1,medium
user_694,7.2,2,4.3,2,Yes,8.5,high
user_757,7,2.6,4.6,2,No,8.5,medium
user_47,5.3,2.5,5.4,3,No,9.3,medium
user_680,6.9,2.5,4,2,No,9.6,medium
user_367,7.2,2.4,5.6,2,Yes,10,medium
user_275,6.9,1.9,4.4,3,No,9.5,medium
user_351,6,3.6,4.3,3,No,7,medium
user_411,6.5,2.9,4.7,2,Yes,5.8,high
user_279,6.7,3.4,3.8,1,Yes,7.5,medium
user_490,6.3,3.7,3,1,Yes,7.6,medium
user_171,6.8,2.8,4.1,1,No,7.7,low
user_713,5.9,3.8,2.7,2,No,8,medium
user_107,6.2,3.5,3.3,2,Yes,7.4,high
user_495,7,1.5,6,2,Yes,7.5,high
user_626,5.2,2.9,4,1,Yes,9.6,high
user_627,6.2,2.4,4,3,No,6.8,medium
user_745,6.9,3.5,4.2,0,No,9.2,low
user_500,5.8,1.5,4.6,2,No,9.9,high
user_452,6.2,3.1,2.9,1,No,7,low
user_268,6.4,2.5,3.9,2,Yes,9.7,high
user_722,6.1,3.2,3.9,2,No,8.5,medium
user_347,5.2,2.5,5.7,1,No,7.4,medium
user_678,7.5,2.9,3.7,2,No,7.8,low
user_355,6.3,2.7,5.9,1,Yes,7.2,high
user_572,6.7,2.7,4.7,3,No,9.8,medium
user_659,7.4,3.1,3.8,2,No,8.8,medium
user_481,7.2,2.9,4,1,Yes,8.6,medium
user_77,6.4,3.7,2.9,1,Yes,8.4,medium
user_247,5.4,3.6,3.3,2,Yes,7.5,high
user_52,6,3.9,4.6,1,No,7.4,low
user_659,6.3,3.6,5.8,2,Yes,9.2,high
user_241,5.9,2.6,4.6,1,No,7.1,medium
user_455,5.9,3,5,2,Yes,7.5,high
user_511,5.8,3.2,3.5,1,Yes,7.9,high
user_122,6.5,2.4,5,2,Yes,8.8,high
user_670,5.1,3.5,4.1,2,No,7.1,medium
user_414,6.3,2.8,3.8,1,Yes,8.8,medium
user_571,6.6,2.6,2.8,2,No,9.1,medium
user_619,5.4,2.9,3.8,2,Yes,8.2,high
user_576,6.6,3,4.5,0,No,7,low
user_688,5.7,5.4,4.7,2,Yes,9.1,high
user_373,6.1,2.9,4.4,3,No,8.6,medium
user_466,7.7,3.2,5.4,1,Yes,8.3,medium
user_635,6.5,3.4,4.1,1,Yes,7.5,medium
user_673,6.1,3.3,2.9,2,Yes,10.3,high
user_464,7.4,2.2,4.8,3,No,8.8,medium
user_675,7.2,2.8,5.4,2,No,9.5,low
user_350,5.2,4.1,4.4,3,Yes,8.4,high
user_299,6.8,3.5,4.1,1,Yes,7.3,medium
user_109,6.1,2.5,2.8,2,No,8.1,medium
user_505,6.6,2.8,4.5,2,No,9.4,medium
user_761,5.1,3.1,5.4,1,Yes,5.6,high
user_261,6.4,2.9,4.1,2,No,7.5,medium
user_124,5.9,2.9,4.5,2,Yes,7.2,high
user_469,5.3,3.7,4.7,5,No,8,high
user_347,6.4,3.7,2.9,2,No,10.3,medium
user_48,6.3,2.8,4.9,2,No,9.1,medium
user_469,6.8,3.3,5.8,1,No,7.8,low
user_5,7.1,2.5,5.3,1,No,9.5,low
user_444,5.7,3,3.8,2,Yes,6.7,high
user_182,6,3.2,3.4,2,No,8.9,medium
user_132,6.4,4.1,4.6,2,No,8.3,medium
user_674,6.9,3.1,4.7,2,Yes,8.1,high
user_394,6.3,4,3,3,Yes,8.7,high
user_710,4.7,3.7,4.9,1,No,8.7,high
user_408,6.4,2.7,3.6,1,Yes,5.9,medium
user_464,6.4,2.2,2.7,1,No,8,medium
user_423,6.1,3.2,4.7,2,Yes,8.8,high
user_561,7.3,3.4,3.5,3,Yes,8.5,medium
user_755,5.2,3.4,3.2,2,No,9.3,high
user_215,5.5,4.1,3.6,1,Yes,8.7,high
user_354,6.2,2,4.1,4,No,10.2,high
user_666,7.7,2.1,3.7,1,No,7,low
user_556,5.2,3.2,3.7,3,Yes,8.8,high
user_119,6.5,3.2,3.2,2,Yes,8.5,high
user_492,5.3,3,4.8,0,Yes,9.1,high
user_766,6.5,1.3,3.9,2,Yes,8.7,high
user_14,6,2.5,3.5,1,No,7.9,low
user_391,7,2.8,4,1,No,9.8,low
user_687,5.4,1.6,4.1,2,No,8.4,high
user_274,6.6,5.3,3.9,2,No,7.4,medium
user_700,4.3,3.3,4.1,2,Yes,9.7,high
user_64,5.8,1.2,4.1,3,Yes,9.5,high
user_772,7.4,3.6,4.4,2,No,7.3,low
user_464,5.6,3.6,4.3,3,No,9,high
user_692,5.5,2,4.7,1,No,9.4,medium
user_663,7.6,3.8,3.6,1,Yes,8.8,medium
user_524,7,3.2,4.3,2,Yes,9.5,medium
user_681,5.6,2.1,4,1,No,7.3,medium
user_397,5.2,1.5,4.5,1,Yes,8,high
user_321,5.9,1.1,3.7,2,No,9.9,high
user_762,5.6,3.4,3.4,2,Yes,7.4,high
user_636,5.5,2.7,5.7,1,Yes,7.6,high
user_649,6.1,3.8,4.9,2,Yes,8.1,high
user_560,6.3,3.8,4.4,1,No,8.8,medium
user_199,7,4,3.6,3,Yes,9,medium
user_182,5.6,2.6,5.3,1,No,9.5,medium
user_178,7.6,2.6,5.9,2,No,7.3,low
user_42,6.7,2.1,5.9,2,Yes,8.8,high
user_570,6.8,4.3,3.7,1,Yes,8.6,medium
user_165,5.8,3.3,5.6,2,Yes,9.3,high
user_339,5.7,2.7,3.8,2,Yes,9.5,high
user_159,6.5,4.5,3.2,2,No,9.6,medium
user_331,6.4,2.4,2.9,2,No,8.4,medium
user_631,7,1.3,3.3,1,Yes,9.6,high
user_587,5.9,2.8,4.1,3,Yes,6.5,high
user_725,6.3,2.1,2.1,2,Yes,9.4,high
user_226,7.3,3.7,4.1,2,No,8.1,low
user_70,6.2,2.3,5,2,No,8.1,medium
user_557,7.1,3.3,3.7,1,Yes,9.1,medium
user_358,7,4,5.6,1,No,6.6,low
user_680,6.8,2.7,3.4,1,Yes,9,high
user_370,7.3,5.4,4.5,1,Yes,9,medium
user_771,6.5,4.6,3.2,2,Yes,8,high
user_771,7.3,4.9,4.1,3,No,7.3,low
user_685,5.2,1.6,4.6,3,Yes,9.1,high
user_247,6.4,4.1,3,2,No,11.6,medium
user_699,6.4,4,2.9,2,Yes,7.7,high
user_117,5.2,4,5.3,3,Yes,9.2,high
user_554,5.3,5.7,4.6,1,Yes,6.6,high
user_530,7,4.2,4.9,0,Yes,9,medium
user_521,4.7,2.4,3.5,2,Yes,11.1,high
user_45,6.4,1.7,3.8,1,Yes,8,high
user_198,6.8,3.3,4,2,Yes,7.9,high
user_85,7,3.9,4.1,2,No,7.8,low
user_551,5.2,3.1,3.9,2,No,7.4,medium
user_68,5.6,3,4.2,1,No,9.5,medium
user_645,7.1,3.3,4.7,2,No,9.8,medium
user_435,5.1,3.8,4.2,2,No,7.7,medium
user_551,5,2.6,3,3,Yes,7.6,high
user_74,6.6,2.1,4.4,4,No,8.1,high
user_471,6.4,2.3,5.3,2,Yes,5.7,high
user_90,5.7,3.3,6,2,No,9.3,high
user_183,5.9,2.5,3.5,0,Yes,7.7,high
user_73,5.9,3.3,3.6,0,No,7.2,medium
user_418,6.2,3.7,3.5,1,Yes,6.7,medium
user_646,5.6,2,5,2,Yes,7.9,high
user_324,5.8,2.9,4.2,2,No,8.2,medium
user_690,6.8,2.6,5.1,3,No,8.8,medium
user_7,7.7,3.1,3.6,3,No,8.7,medium
user_600,6.2,2.2,3.5,2,No,7.6,medium
user_75,5.7,2.2,4.2,1,Yes,6.7,high
user_109,6.7,3.3,4.9,2,Yes,8.1,medium
user_309,6.6,2.1,4.3,1,No,7.6,low
user_449,5.5,3.7,4.1,1,Yes,7.6,high
user_677,7.3,3.3,4.8,0,No,9.3,low
user_161,6.6,2.9,5.2,4,No,9,high
user_765,6.5,2.3,4.2,1,Yes,7.4,medium
user_303,6.3,3,4.3,1,No,9,medium
user_694,6.4,4,4.5,2,Yes,9.1,high
user_567,6.7,3.8,3.3,2,No,8.6,medium
user_43,6.6,2.5,4.8,1,No,8.9,medium
user_611,6.9,2.5,4,2,Yes,8.6,high
user_561,6.2,4,4.3,2,No,9.1,medium
user_216,6.2,4.1,5.5,1,Yes,8,medium
user_423,5.1,3.3,3.7,2,No,11.1,high
user_189,6,2.3,4.7,1,No,6.8,medium
user_259,7,3.4,5.1,3,No,8.7,low
user_186,6,3.6,4.4,0,No,7.6,low
user_473,7.2,3.9,4.7,4,No,9.1,medium
user_688,6,3.6,3.5,0,No,8.9,medium
user_101,6,3.1,3.6,1,No,8.9,medium
user_595,5.5,1.3,3.3,2,Yes,8.4,high
user_366,5.3,3.4,3.3,2,No,5.1,medium
user_672,6.7,3.4,4.3,1,No,7.3,low
user_292,5.9,4,4.7,2,No,9.7,medium
user_326,7.4,3,4.8,3,Yes,9,medium
user_337,5.7,1.9,3.5,1,Yes,10.9,high
user_599,5.7,2,4.4,3,No,8.9,high
user_581,7.5,4.1,2.7,2,Yes,7.5,high
user_439,6.6,3,2.9,1,No,10,medium
user_321,5.3,2.7,3.7,3,No,8.3,high
user_730,7.7,3.5,3.9,3,Yes,8.8,high
user_369,6.5,3.9,4.6,3,No,9.9,medium
user_751,7.6,2.6,5.4,2,Yes,10.2,high
user_474,7,3,4.2,2,Yes,9.8,medium
user_313,7,3.3,5.3,2,Yes,9.2,medium
user_112,5.8,3.6,3.7,3,No,7.4,medium
user_622,6.7,3.7,2.9,1,No,7.3,low
user_144,6.6,3.9,4.6,1,No,7.6,low
user_752,4.6,2.5,4.8,3,No,8.3,high
user_78,8.2,2.4,4.7,1,No,8.9,low
user_647,6.3,3.3,3,3,No,9.3,medium
user_593,4.8,3.9,3.3,2,Yes,7.5,high
user_218,6.9,2.5,4.6,4,No,8,high
user_267,5.7,3.1,2.9,3,Yes,9,high
user_153,6.1,3.3,3.2,2,Yes,7.4,high
user_229,4.8,3.1,4.6,2,Yes,8.1,high
user_476,6.5,2.5,3.5,4,No,7.9,medium
user_373,5.9,3.9,3.9,3,No,7.4,medium
user_245,6.7,3.1,4.7,1,No,9.8,medium
user_144,6,1.6,4.1,2,Yes,7.4,high
user_184,6.4,3.7,3.9,2,No,8,medium
user_750,6.5,2.3,5.5,2,Yes,8.2,high
user_42,6.1,4,3,2,No,8.8,medium
user_238,7.6,3.8,4,3,No,8.1,medium
user_379,6.4,3.1,3.8,3,No,8.2,medium
user_685,6.2,3.9,3.6,3,No,8.1,medium
user_370,6.4,2.6,5.4,3,Yes,7.3,high
user_466,6.6,4.2,4.7,2,No,7.3,medium
user_665,6.1,2.8,4.1,0,Yes,8.6,high
user_721,7.9,2.3,3,3,Yes,9.2,high
user_270,7.1,2.6,4,2,No,8.8,medium
user_670,5.5,2,3.9,2,Yes,8.2,high
user_602,6,1.3,5.2,1,No,7.3,low
user_258,6,1.4,2.9,0,Yes,9.1,medium
user_529,7.7,3.2,3.6,4,Yes,6.1,high
user_354,4.9,2.9,3.9,1,Yes,8.5,high
user_619,6.5,2.4,3.4,2,No,5.1,medium
user_143,6.9,3.3,4.6,4,Yes,7.6,high
user_236,6.5,4.4,4.8,1,No,9.9,low
user_659,6.4,3.3,4,2,Yes,9.3,high
user_154,6.9,2.2,3.6,2,No,8.5,medium
user_371,6.5,3.2,3.6,3,No,8.7,medium
user_236,7.2,2.5,3,1,Yes,6.9,medium
user_738,6.8,1.9,3.8,2,No,8.5,medium
user_692,7,2.8,3.7,4,Yes,8.2,high
user_216,7.9,4.5,3.2,1,No,7.9,low
user_421,6.2,3.3,3.4,2,No,7.3,low
user_45,5.7,4.3,5.3,2,No,9.4,medium
user_607,5.6,1.6,3.8,3,No,9.2,high
user_645,5.7,2.5,3.5,2,No,7.9,medium
user_151,5.7,2.2,3.3,1,No,8.2,medium
user_265,5.5,2.4,3.5,3,No,7.3,medium
user_416,5.6,3.4,3.4,1,No,8.1,medium
user_746,5.9,3.2,4.6,1,Yes,7.7,medium
user_222,5.8,4.4,3.7,1,Yes,9.7,high
user_483,6.1,2.5,3.8,1,Yes,8.2,high
user_225,6.5,3.7,3.8,0,Yes,9.3,medium
user_147,6.7,4.8,2.3,3,No,7.4,medium
user_676,6.6,2.6,5.4,2,Yes,7.4,high
user_742,5.8,2.7,3.9,4,Yes,8.4,high
user_611,6.9,1.4,3.3,3,No,8.4,medium
user_388,6.6,2.3,3.6,2,Yes,9.1,high
user_112,8.3,1.4,4.3,2,No,8.1,medium
user_536,6.1,2.6,4.7,3,Yes,9.6,high
user_621,7.6,2.7,4.3,1,No,8.7,low
user_488,7.5,4.6,5.6,3,No,6.6,low
user_516,5.9,1.5,5.4,2,No,8.1,high
user_494,6.2,3.4,3.4,0,No,9.8,low
user_553,6.2,3.9,3.7,2,No,8.4,medium
user_665,6.5,3.1,3.9,3,Yes,7,high
user_431,7.7,3.5,4,3,Yes,9,high
user_715,7.5,2.7,4.9,2,Yes,9.2,medium
user_494,6.2,4.3,4.6,2,Yes,8.8,high
user_604,6.9,3.2,3.9,2,No,9.3,medium
user_138,6.2,2.8,4.4,2,Yes,9.9,high
user_239,6.5,3.6,4.8,1,No,10.2,medium
user_613,6.4,4,4,1,Yes,8.7,medium
user_194,7,2.7,3.4,2,No,8.1,low
user_762,6.7,1.3,3.2,2,No,9,medium
user_536,6,4.1,2.5,2,No,8.9,medium
user_8,5.9,4,3.9,1,Yes,8.3,high
user_211,8.3,2.3,3.5,2,Yes,9.8,high
user_371,6.1,2.4,4.1,1,No,8.3,medium
user_437,6.2,2.8,4.6,3,Yes,8.9,high
user_549,6.1,2.6,3.9,0,Yes,8.4,high
user_375,6.2,2.4,3.2,1,Yes,7.3,medium
user_407,7.3,2.6,5.1,3,No,8.8,low
user_566,4.9,2.8,3.5,3,Yes,9.5,high
user_380,7.8,3.5,4.4,2,Yes,7.6,high
user_315,5.2,3.2,5.1,1,Yes,7.6,high
user_408,5.7,2.1,5.7,3,No,9.1,high
user_122,7,4.5,3.9,2,No,10,medium
user_717,5.9,3.2,3.6,2,No,7.1,medium
user_220,5.9,3.1,3.2,3,Yes,8.5,high
user_564,6.9,1.9,4.7,1,No,8.7,medium
user_399,5.9,3.9,3.7,1,No,7.8,low
user_149,5.3,3.9,3.4,2,Yes,8,high
user_446,5.7,4.6,5,1,No,6.5,medium
user_270,8,3.2,3.5,2,No,8,medium
user_82,7.3,3.4,3.3,1,No,8.2,low
user_394,6.5,3.9,4.8,2,Yes,7.5,high
user_672,5.8,3.8,4.5,1,Yes,8.4,high
user_612,6.4,2.2,4,0,No,9.3,low
user_656,6.7,2.8,3.2,2,Yes,7.5,medium
user_11,6.6,2.1,3.5,2,No,8.3,medium
user_531,6.3,1.4,4.6,1,Yes,9.2,high
user_35,6.9,4.8,4.1,3,No,9.1,medium
user_174,5.9,2.7,3.2,2,No,7.4,medium
user_245,6.7,2.6,3.7,3,No,9.7,medium
user_89,7.3,3.1,5.2,3,Yes,8.3,medium
user_362,6.4,2.5,4.8,3,Yes,8,high
user_601,5.3,2.2,5.2,2,No,8.3,high
user_16,6.3,1.7,3.7,2,No,7.4,medium
user_563,5.3,3.7,5.2,0,Yes,7.2,high
user_573,6.1,1.7,3.9,1,Yes,7.5,medium
user_284,5.3,1.4,3.1,2,No,7.7,medium
user_200,5.4,3.2,1.4,2,Yes,8.5,high
user_589,6,3.2,4.2,1,No,6.8,low
user_180,4.9,3,4.8,2,Yes,6.5,high
user_110,6.7,4.5,5.8,0,No,7.6,low
user_302,6.4,4.2,4.1,3,Yes,7.2,medium
user_526,6.8,4.2,5.9,3,Yes,8.1,high
user_589,7.2,4.8,5.4,1,Yes,7.5,medium
user_454,6.3,2.6,3.9,2,Yes,7.6,high
user_496,5.9,3.2,5.6,2,No,9.4,high
user_470,5.4,3,3,0,Yes,4.8,high
user_29,6.5,2.2,5.1,2,Yes,8,high
user_265,8.1,3.6,3.4,1,No,8.7,low
user_649,7.9,2.3,3.5,1,No,9.5,low
user_719,7.3,3.4,4.6,1,No,7.8,low
user_423,6.5,2.5,4.9,1,Yes,8.9,high
user_549,5.2,2.4,4.4,2,No,8.3,medium
user_270,7.4,4.3,4.1,3,No,6.9,low
user_96,4.1,4.1,3.9,2,Yes,8,high
user_767,4.9,3.8,6,2,Yes,8.7,high
user_568,6.1,3.3,5.1,2,No,8.3,medium
user_322,5.7,2.3,5.1,2,Yes,8.8,high
user_588,4.4,3.1,3.3,2,Yes,9.5,high
user_765,6.8,1.8,3.4,2,No,7.4,medium
user_755,5.9,3.3,4.5,3,No,8.4,medium
user_754,7,2.3,3.4,3,No,9.3,medium
user_212,5.9,2.2,3.7,3,No,8.2,high
user_256,6,3.7,4.1,2,Yes,8.5,high
user_110,6.5,1.8,4.1,3,No,6.4,medium
user_693,6.4,3.6,3.6,2,Yes,8.3,high
user_7,6.9,2.7,3.4,1,No,10.1,low
user_381,6.6,2.4,5,1,Yes,9.1,medium
user_589,7.6,3.3,3.4,3,Yes,8.9,high
user_188,6.2,3.4,3.8,2,Yes,8.6,high
user_228,6.7,3.2,3.3,2,No,9,medium
user_539,5,3,3.6,2,Yes,8.7,high
user_554,6.3,2.9,3.8,1,No,7.9,low
user_356,7.6,2.9,4.5,3,Yes,8.6,medium
user_179,6.1,3.8,4.2,3,Yes,8.1,high
user_716,6.6,3.8,5.1,2,Yes,8.1,high
user_706,4.9,2.6,2.8,2,No,7.5,high
user_691,5.6,2.5,4.3,1,No,7.7,medium
user_595,7,3.9,3.4,3,No,7.9,medium
user_371,5.3,2.9,5.6,3,Yes,8.2,high
user_562,7,1.2,3.9,2,Yes,8.8,high
user_276,5.3,3.1,5.7,2,Yes,9.4,high
user_352,6.3,3,4.2,2,Yes,7.5,high
user_511,6.1,4.4,4,2,Yes,10.2,high
user_430,6.6,2.4,3.7,2,Yes,7.6,high
user_411,6.3,2.9,3.9,2,Yes,8.3,high
user_185,6.1,3.5,3.9,3,No,9.4,medium
user_703,6.8,3.3,3.8,1,No,6.7,low
user_739,7.2,3,3.8,3,Yes,9.7,medium
user_569,5.6,3.2,5.2,3,Yes,7.3,high
user_201,7.1,3,3.4,1,No,9.6,low
user_154,7.6,2.6,5,3,Yes,9.1,medium
user_181,6.2,2.8,4.2,2,Yes,9.7,high
user_138,6.9,2,4.6,2,Yes,7.2,high
user_308,7.3,4.4,3,2,Yes,7.1,medium
user_582,5.7,1.9,4.1,2,No,7.7,high
user_102,7.1,3.3,3.9,1,No,8,low
user_221,5.6,1.3,4.1,3,Yes,8.9,high
user_645,7,3.5,3.7,2,No,6.6,low
user_763,5.7,4.3,5,0,Yes,6.3,medium
user_370,6.4,2.9,4.1,0,Yes,5.9,medium
user_571,5.9,1.3,4.3,3,Yes,8.6,high
user_21,5.3,3.6,3,3,Yes,9.2,high
user_360,6.1,4.5,3.8,2,No,10.2,medium
user_590,5.8,2.5,3.7,2,No,7.6,medium
user_364,6.8,3.1,3.9,2,Yes,8.7,high
user_523,5.4,1.7,4.1,1,Yes,8.6,high
user_458,7.4,3.6,3.3,2,No,6.4,low
user_629,6.5,2.2,3.8,3,Yes,8.9,high
user_647,6.4,3.6,4.8,2,No,7.1,medium
user_656,8,2.6,3.5,2,Yes,7.1,high
user_647,7.8,1.5,4.2,1,Yes,10.6,medium
user_82,7.4,3.4,2.5,1,No,7.8,low
user_234,6.9,2.8,4.1,2,Yes,7.1,high
user_669,5.9,3.6,4,2,Yes,10.1,high
user_274,6.9,3.6,4.6,2,Yes,8.8,high
user_456,6,2.9,4.9,2,Yes,8.6,high
user_602,7,2.6,5.2,2,Yes,7.6,high
user_172,6.3,2.9,4,2,No,8.3,medium
user_129,6.5,2.7,4.2,4,No,7.7,medium
user_258,6.8,3.8,3.2,2,No,8.6,medium
user_171,6.6,2.4,4.3,2,Yes,7.6,high
user_98,5.1,3.8,5,1,No,9.6,medium
user_562,7.5,4.4,3.4,3,No,8.1,medium
user_407,4,3.7,2.3,1,No,8.4,medium
user_269,6.9,2.2,2.9,1,No,8.3,medium
user_671,7,3.4,3.5,1,Yes,6,medium
user_235,6.5,3.1,5,0,No,8.8,medium
user_291,7,2.2,3.7,0,Yes,8.2,medium
user_130,4.8,2.1,3.9,3,No,7.8,high
user_175,6.7,3.3,3.6,1,No,7.8,low
user_680,5.7,3.6,2.9,3,Yes,6.1,high
user_488,6.2,3.3,3.5,3,Yes,9.1,high
user_279,7.1,3.6,2.8,1,Yes,7.8,medium
user_715,6,2.8,3.8,1,No,7.4,medium
user_612,7.1,3,3.7,1,Yes,10.2,medium
user_767,7.6,2,4.2,2,Yes,6.5,high
user_656,5.4,3.9,4.6,2,Yes,6.3,high
user_494,7,3.7,4.7,2,No,7.6,low
user_453,5.8,2.7,4,3,Yes,7.3,high
user_423,7.8,3.6,4.5,2,Yes,8.2,medium
user_311,7,3.8,4.3,1,No,7.4,low
user_536,6.1,2.7,3.8,2,No,9.7,medium
user_294,6.3,2.4,5.1,2,Yes,7.6,high
user_9,5.8,3.1,5.6,2,Yes,8.4,high
user_307,6.7,2.7,4.5,1,No,7.9,medium
user_300,6.7,3.9,4.8,2,No,9.2,medium
user_562,6.8,2.8,4.7,1,Yes,8.9,medium
user_422,5.9,4.2,3.4,1,Yes,8.8,high
user_256,6.2,4,4.8,2,No,10,medium
user_755,6,2.8,3.9,2,Yes,6.6,high
user_226,6.5,3.1,2.6,2,Yes,7.1,high
user_433,6.2,3.3,5,2,No,10,medium
user_628,6.1,2.9,4.8,2,Yes,9.3,high
user_665,7.8,1.9,4.7,1,Yes,9,medium
user_193,5.4,2.2,5,1,No,8.1,medium
user_140,7.2,3.5,2.9,2,Yes,7.9,medium
user_653,6.6,1.7,2.2,1,Yes,8.4,high
user_464,6.3,2.7,3.9,1,Yes,6.4,medium
user_638,5.5,2.7,5,2,Yes,4.7,high
user_329,4.4,2.9,4.3,3,No,7.4,medium
user_51,7.8,2,4.6,2,No,8.6,medium
user_105,5.9,3.2,4.3,2,Yes,8.4,high
user_129,6.8,3.8,2.9,1,Yes,7.4,medium
user_9,7.8,4,2.1,2,No,9.4,medium
user_155,7.5,2.4,4,1,No,8.5,low
user_223,6.3,2.2,4.5,3,Yes,7.4,high
user_320,6.1,3.7,3.5,2,Yes,8.1,high
user_475,6.8,4.9,4.5,0,No,9.5,low
user_83,6.9,2.9,3.8,4,No,7.3,high
user_273,7,3.4,4.1,2,Yes,7.3,medium
user_557,6.5,3.2,4.4,2,Yes,8.1,high
user_197,5.7,2.5,3.6,3,Yes,8.5,high
user_13,4.7,3.7,5.3,3,No,7.7,high
user_255,5.9,1.4,3.3,2,Yes,7.5,high
user_254,8.2,3.4,4.3,3,No,7.6,low
user_472,5.2,2.6,4.6,2,No,8,high
user_682,5.5,2.3,4.4,2,No,7.2,medium
user_399,5.8,4.1,3,1,Yes,10,high
user_163,5.7,2.5,3.4,2,No,7.6,medium
user_563,6,3.5,3.4,2,No,9.7,medium
user_493,5.2,2.6,4.1,2,Yes,9.9,high
user_370,4.2,3.2,4.2,1,No,8.9,medium
user_224,7.1,3.7,3.7,3,No,9.4,medium
user_649,5.7,3.3,4.9,2,Yes,7.8,high
user_16,6.1,2.7,4.5,3,No,8.2,medium
user_599,6.2,2.8,4.6,1,No,9.6,medium
user_249,6.9,2.9,4,1,No,7.8,low
user_596,6.8,2.8,3.2,1,Yes,9.5,medium
user_611,6.2,3.5,4.3,2,No,7.5,medium
user_92,5.7,3.3,4.9,1,No,7.2,medium
user_512,7.7,3,3.8,1,No,8.5,low
user_634,6.9,1.7,4.7,2,Yes,9.3,high
user_62,6.1,1.7,3.9,3,No,8.2,medium
user_661,7.4,2,5.7,2,No,9,medium
user_550,9.9,2.3,4.8,3,No,7.6,low
user_500,5.2,4.5,3.3,1,No,7.3,medium
user_572,6.3,4.6,5.3,3,Yes,7.8,high
user_751,6.4,2.5,4.5,2,No,7,medium
user_706,5.4,3.1,4,2,Yes,7.7,high
user_742,7.2,2.5,4.5,1,No,10.4,low
user_41,6.3,4.3,3.1,2,Yes,7.4,high
user_449,5.5,2.3,4.2,2,Yes,9.4,high
user_714,6.2,2.3,4,3,Yes,7.2,high
user_581,6.7,2.5,4.1,0,No,7.6,low
user_357,7.3,2.5,3.7,3,Yes,7.2,medium
user_480,6.3,2.5,4.7,1,Yes,9,medium
user_568,5.4,3.3,5,1,No,7.9,medium
user_544,6.7,2.7,5.6,1,No,8.5,low
user_303,6.8,3.9,4.8,1,Yes,9.2,medium
user_376,6.5,3.4,5.1,1,Yes,7.8,medium
user_654,5.5,3.8,6.3,2,Yes,8.3,high
user_190,7.2,3,3.8,0,No,9.5,low
user_373,5.4,3.7,4,2,No,6.9,medium
user_739,6.7,2.7,3.9,3,No,9,medium
user_552,6,3,5.6,2,Yes,7.7,high
user_537,6.9,3.1,3.6,1,Yes,9.6,medium
user_158,7.1,2.3,6.1,2,Yes,9.1,high
user_420,5.9,2.2,5.3,3,Yes,8.9,high
user_99,7.2,4,4.1,2,No,7.5,low
user_133,6.1,3.8,4.6,2,No,7.3,medium
user_207,6.2,1.8,3.7,1,No,8.7,medium
user_197,5.6,3.6,5.3,2,No,10.1,high
user_585,5.9,3.2,4.6,0,Yes,7.3,high
user_502,7,3.5,3.8,2,Yes,8.2,high
user_376,7.2,2.2,5.1,1,No,8.4,low
user_736,7,1.5,5.5,1,No,9,medium
user_214,6.8,5,4.7,2,Yes,9.6,high
user_480,7,4.8,4.1,1,No,8.1,low
user_572,7.6,2.9,3.7,3,Yes,7.6,high
user_726,5.5,2,4.1,3,No,9.7,high
user_273,5.4,4.1,2.4,1,No,7.1,medium
user_73,6.1,2.8,4.1,1,Yes,7.3,high
user_222,7.5,2.8,3.2,1,No,8.2,low
user_743,5.7,3.7,4.7,1,No,8.4,medium
user_395,7,2.9,1.8,1,No,8.2,low
user_539,6.7,2.5,3.5,1,No,8.8,medium
user_641,6.1,4.4,4.5,2,No,9.3,medium
user_768,6.5,2.6,4.7,2,Yes,8.8,high
user_109,5.7,2.7,3.7,2,Yes,7.7,high
user_470,8.5,3.3,3.6,2,Yes,9.8,medium
user_171,6.5,2.3,5.7,3,No,7.1,medium
user_412,6.7,2.1,4,2,Yes,8.4,high
user_162,6.3,3.9,4.6,1,Yes,7,medium
user_323,5.1,2.9,5,2,Yes,9.5,high
user_423,4.3,2.9,4.8,1,Yes,9.9,high
user_332,4.5,3.8,4.7,2,No,7.3,high
user_559,6.3,0.9,4.8,3,No,7.9,medium
user_564,7.2,3.8,3.3,2,Yes,8.2,medium
user_464,6,1.9,3.8,2,Yes,9.9,high
user_1,6.8,2.6,3.2,2,No,7.5,medium
user_611,5.5,4.3,4.9,2,No,6.7,medium
user_139,6.9,2.4,4.2,2,Yes,7.3,high
user_308,5.1,2.9,3,4,No,8.5,high
user_323,7.3,3.1,4,2,No,7.2,low
user_283,6.5,2,4.7,2,No,9.1,medium
user_39,6.4,4.2,4.4,0,Yes,9,high
user_160,5.6,2.6,5.2,2,No,7.8,medium
user_376,6.6,3.6,4.6,2,No,5.5,medium
user_263,6.3,1.3,3.5,1,Yes,8.5,high
user_585,4.4,2.5,4.9,2,Yes,9.3,high
user_223,6.5,3,5,2,No,7.5,medium
user_333,5.8,2.8,4.4,1,Yes,7.3,high
user_500,6.5,1.3,3.6,2,No,7.4,medium
user_658,6.1,3,4.9,1,Yes,9.2,medium
user_749,7.6,3.5,4.2,3,Yes,6.9,medium
user_58,6.3,3.5,2.7,4,Yes,8.7,high
user_445,6.2,2.8,5,2,Yes,6.7,high
user_233,5.3,3.8,3.1,1,No,8.8,medium
user_648,6.5,3.5,2.9,2,Yes,8,medium
user_313,6.9,4,2.7,1,No,8.8,medium
user_553,7.9,3.8,3.5,2,No,8.1,medium
user_515,7.6,1.8,4.9,2,No,8.8,low
user_52,5.1,2.3,4.3,2,Yes,10.2,high
user_771,6.2,3.9,4,4,No,9.4,medium
user_443,6.6,3.2,3.2,1,Yes,7.8,medium
user_152,7,4.4,3.8,1,No,8.5,low
user_85,7.2,3.6,4.9,1,Yes,7.5,medium
user_764,6.4,4,4.2,2,No,7.1,medium
user_409,6.9,3,4.6,2,Yes,8.1,high
user_409,6.2,4.9,2.9,1,Yes,7.2,medium
user_134,7.4,2.6,5.8,2,No,7,low
user_573,5.2,3.7,5.4,2,No,8.5,high
user_405,5.6,4.3,4.9,3,No,9.6,high
user_631,6.6,3.1,2.7,3,No,9.2,medium
user_74,5.9,2.6,4.1,1,Yes,7.4,high
user_332,6.8,4.3,3.6,3,No,6.7,medium
user_688,8.1,4.9,4.6,2,Yes,7.8,medium
user_375,5.2,0.9,5.6,3,Yes,6.8,high
user_329,5.9,1.7,3.1,2,Yes,8.2,high
user_672,6.2,2.8,3.8,4,No,7.2,medium
user_174,6.1,1.8,4.2,2,Yes,10.1,high
user_453,5.4,4.6,4.3,1,No,9.7,medium
user_46,6,1.8,4.2,3,No,8.6,medium
user_702,5.7,2.5,3.5,3,Yes,7.3,high
user_746,5.5,3.2,4.8,3,No,9.7,high
user_758,7.3,3.1,2.9,2,No,10.2,medium
user_636,7.2,3.3,3.9,1,No,8.5,low
user_15,6.3,3.5,4,2,Yes,6.5,high
user_114,6.1,2.8,3.7,1,Yes,7.9,high
user_483,5.2,2.8,3.2,4,No,7.7,high
user_215,6.5,3.4,3.9,2,No,8.5,medium
user_560,7.1,3,2.7,3,Yes,9.2,medium
user_495,5.7,3.2,4.8,2,No,7.1,medium
user_716,6.2,2.3,4.6,2,No,7.3,medium
user_597,7.2,1.7,4.1,2,No,7.8,medium
user_175,6.2,2.1,3.4,1,No,8.7,medium
user_206,5.7,2.3,3.7,2,Yes,8.3,high
user_477,7.7,3,4.1,2,No,10.6,medium
user_398,5.5,2.5,4.4,3,Yes,8.8,high
user_676,6,4.1,4.3,2,Yes,7.2,high
user_20,4.9,3.7,2.9,0,Yes,9.7,high
user_396,6.3,3.4,4.2,3,No,9.7,medium
user_521,7.3,2.6,3.5,1,No,8.6,low
user_497,6.4,4.5,3.7,1,No,9,medium
user_204,5.8,3,3.2,2,Yes,10.6,high
user_730,7.3,1.9,3.3,2,No,7.6,medium
user_254,6.9,4.2,3.3,1,Yes,6.1,medium
user_502,7.2,3.2,4.2,3,Yes,10.4,high
user_161,6.5,2.3,3.5,2,No,8.4,medium
user_701,6.4,3.8,4.4,2,Yes,8,high
user_641,6.5,3.6,3.4,2,Yes,8.7,high
user_514,6.9,3.4,4.8,3,Yes,8.4,high
user_641,6.1,3.5,3.7,2,Yes,7.2,high
user_31,6.1,4.1,3.4,1,Yes,9.7,medium
user_156,6.3,2.5,5.6,2,Yes,6.2,high
user_673,6.8,3.7,3.3,2,No,9.5,medium
user_748,7.5,4,3.9,2,Yes,8.3,medium
user_695,6.4,4.3,6.5,2,No,7.1,medium
user_247,6,2.8,4.2,1,No,7.7,low
user_320,7.2,3.5,4,2,Yes,7.4,medium
user_556,6.9,3.6,5.3,1,No,7.8,low
user_669,6.1,5,4,2,No,7.4,medium
user_555,6.1,3.2,4.1,1,No,9.7,low
user_317,6.8,4.4,4.5,3,No,6.1,medium
user_149,6,3.3,3.5,2,No,7.9,medium
user_70,6.2,3.4,3.3,2,No,6.9,medium
user_326,6.5,2.9,4.3,2,No,5.6,medium
user_31,6.8,3.1,3,2,Yes,9.8,high
user_422,6.4,3.2,5.8,3,Yes,9.1,high
user_764,6.3,3.1,2.8,1,Yes,8.8,medium
user_193,6.2,3.8,3.8,2,No,8.5,medium
user_190,6.5,3.4,4.1,3,No,8.8,medium
user_632,6.2,3.2,4.5,2,Yes,8.3,high
user_581,6.4,1.7,3.6,2,No,7,medium
user_238,6.3,3.1,3.3,1,No,8.8,medium
user_27,5.4,3.3,3.7,4,Yes,8.9,high
user_705,5.7,2.7,4.6,3,Yes,7.7,high
user_515,6.5,3.8,2.9,1,Yes,9.3,medium
user_666,6.9,2.7,4.8,2,Yes,7.9,high
user_397,7.4,2.9,4.6,1,Yes,8.2,medium
user_141,6.8,0.8,3.6,2,No,8.4,high
user_232,6.4,3.2,4.1,2,No,6.3,medium
user_16,6.1,2,2.4,3,Yes,7.7,high
user_228,5.9,2.6,4.6,1,No,8.7,medium
user_68,6.7,2.5,4.4,0,No,8.6,low
user_632,7.8,0.9,3.9,2,Yes,8.3,high
user_333,7.7,2.8,6,3,Yes,7.6,medium
user_438,5.9,3.3,4.8,2,Yes,7.5,high
user_623,6.3,4.5,3.7,1,Yes,8.1,medium
user_321,5.7,4.6,4,1,Yes,7.2,high
user_761,7,3.2,3.2,1,No,7.4,low
user_112,6.1,1,3.8,0,Yes,8.8,high
user_44,5.8,2.3,4.8,1,No,8.8,medium
user_551,6.4,2.4,5.4,3,Yes,9.1,high
user_41,6.4,3,4,1,Yes,10,medium
user_646,6.3,2.9,4.6,3,No,10.9,medium
user_299,5.4,3.5,4.9,3,Yes,8,high
user_312,6.5,3.7,5,2,Yes,9.4,high
user_171,5.9,2.4,4.5,1,Yes,7.7,high
user_628,7.6,3.1,3.8,2,No,7.4,low
user_530,6.2,3.8,4.4,2,No,7.5,medium
user_662,6.7,3,5.1,1,Yes,8.4,medium
user_740,6.5,3.9,4.3,2,No,7,medium
user_600,5.7,3.4,3,2,No,9.8,medium
user_424,5.2,3.4,4.4,3,Yes,7.6,high
user_26,7.5,1.9,3.9,2,No,8,medium
user_605,7.6,2.5,3.3,0,No,8,medium
user_93,7.4,3.7,4,3,Yes,7.8,medium
user_709,6.6,3.2,4.2,1,No,9.4,medium
user_751,7.6,4.1,4.1,3,No,7.7,medium
user_117,5.9,4.5,4.3,2,Yes,6.9,high
user_372,7.4,1.5,5.5,1,No,7.5,low
user_725,6.9,2.7,4.1,3,Yes,6.8,high
user_524,5.1,2.8,3.5,0,No,9,medium
user_564,6.6,3.7,3.8,2,Yes,7.9,medium
user_175,7.1,1.3,4.8,2,Yes,6.1,high
user_676,6.2,1.9,2.3,4,No,9.7,high
user_149,7.2,2.6,5.3,3,No,7.2,low
user_53,5.8,2.5,3.5,2,Yes,7.2,high
user_317,6.1,2.8,4.6,2,Yes,8.1,high
user_642,5.4,3,3.3,1,No,7.7,medium
user_135,6.4,3.2,3.8,2,No,8.2,medium
user_638,7.5,1.7,4.8,3,Yes,8.8,high
user_470,6.1,2.9,2.8,4,Yes,7.8,high
user_557,4.8,2,5.1,2,No,7.9,high
user_506,7,3.1,3.4,3,No,7.9,low
user_603,6.7,1.4,3.6,1,Yes,7.4,high
user_420,5.6,2,4.8,1,Yes,7.7,high
user_616,8.4,2.4,3.9,0,No,8.7,low
user_561,5.9,2.3,3.6,3,Yes,7.9,high
user_644,5.5,3,3.3,2,No,7.7,medium
user_190,6.7,3.6,4.4,3,No,9.9,medium
user_669,6,4,5,2,Yes,8.7,high
user_149,6.2,3.4,4.7,2,No,8.9,medium
user_592,7.7,3.6,5.3,0,Yes,8.2,medium
user_90,7,3.3,4.9,2,No,7.1,low
user_427,6,3.8,3.6,3,No,10.1,medium
user_689,6.5,2,3.3,3,Yes,8.3,high
user_677,6.8,4.3,4.1,2,No,8.8,medium
user_768,8.3,4.5,4.4,1,Yes,9.8,medium
user_96,5.9,1.7,3.2,2,Yes,9.3,high
user_378,6.2,3.2,4.5,3,Yes,8.4,high
user_438,6.5,4.6,4.9,2,No,9.4,medium
user_483,5.1,3.2,3.6,1,No,7,medium
user_712,6.3,2.8,4,0,Yes,8.3,high
user_540,5.7,3.2,5.7,2,Yes,8.3,high
user_215,8.5,3.7,4.3,1,No,9.9,low
user_60,8.7,3,3.8,2,No,7.2,low
user_748,6.6,2.3,3.4,2,No,7.6,medium
user_742,7.5,2.7,4,2,Yes,8.5,medium
user_624,7.2,3.2,3,3,Yes,9.9,medium
user_539,7.1,3.8,2.9,2,Yes,7.2,medium
user_630,7.4,4.3,4.3,2,Yes,7,medium
user_747,5.9,3.4,4.4,2,Yes,7.3,high
user_185,5.1,2.7,4.6,3,No,7.7,medium
user_298,6.3,2.3,3.6,3,No,9,medium
user_122,5.1,2.9,4.2,2,No,9.6,medium
user_641,5.4,3.6,4.6,2,No,9.8,medium
user_213,6.7,2.2,4,3,Yes,8.2,high
user_47,4.8,4.3,5.5,2,Yes,8.9,high
user_574,4.5,2.9,5.2,2,No,8.6,high
user_656,5.7,3.2,4.5,4,No,7.3,high
user_289,4.1,2.1,4.5,3,Yes,8.4,high
user_316,5,3.5,4.1,2,Yes,6.6,high
user_564,7.5,3,3.5,3,Yes,8.7,medium
user_117,6.4,3.3,4.1,0,Yes,7,medium
user_406,6.2,2.8,3.5,2,No,6.8,medium
user_199,6.6,3.1,2.7,1,Yes,7.6,medium
user_689,4.9,2.7,5.6,1,Yes,8.2,high
user_37,6.5,3,3.3,1,No,8.1,medium
user_160,7.2,3.3,4.5,1,Yes,8.8,medium
user_344,5,2.2,2,2,Yes,6.8,high
user_761,6.9,3.5,4,3,No,6.8,medium
user_307,6.6,2,4.3,2,Yes,9,high
user_549,7.4,2.7,4.8,0,No,7.6,low
user_592,5.7,1.8,3.5,2,Yes,10,high
user_68,6.8,3.4,3.9,1,No,7.5,low
user_32,6.2,2.9,4.3,1,Yes,7.5,high
user_642,5.7,4.3,4.5,2,No,6.5,high
user_621,6.7,3,4.3,2,Yes,8.3,medium
user_610,5.5,4.2,4.7,2,No,5.1,medium
user_723,6.1,3.8,3.8,1,Yes,7.2,high
user_33,6.5,3.1,4.8,2,Yes,6.4,high
user_89,7.1,3,4.3,3,Yes,8.3,medium
user_381,5.8,3,4,1,Yes,8.2,high
user_222,6.3,2.6,4.1,3,Yes,8.8,high
user_115,6.6,3.4,3.4,3,Yes,7.7,high
user_207,6,2.1,4.3,1,No,9.5,low
user_519,6.7,3.4,2.4,3,No,9.1,medium
user_513,6.9,2.5,3.3,2,No,6.9,medium
user_349,5.6,2.1,5.3,2,Yes,8.1,high
user_537,7.2,2,5.2,3,Yes,8.6,high
user_147,6.4,3.9,4.3,1,No,9.3,low
user_693,7.1,3.2,4.7,1,No,7,low
user_742,5.9,2.4,3.9,2,No,6.4,medium
user_397,7.6,4.1,3.7,3,No,8.1,low
user_319,5.3,1.5,5.8,2,No,7.7,high
user_609,6,3.2,3.3,2,No,9.2,medium
user_479,6.1,1.9,4.6,1,No,9.2,medium
user_534,7.4,1.2,2.6,2,Yes,7.5,high
user_592,6.3,2.7,4.5,3,Yes,8.7,high
user_215,6.4,2,3.6,2,Yes,7.6,high
user_198,6.8,3.6,4,2,Yes,9.5,high
user_546,6.1,2.3,4.8,1,Yes,6.8,high
user_688,6.5,1.5,3.9,2,No,9,medium
user_153,5.8,3.2,3.6,1,No,7.9,medium
user_118,6.6,2.1,3.5,1,No,9.7,medium
user_574,5.6,4,3.2,2,No,8.4,medium
user_556,6.7,4.1,4.5,0,Yes,10.1,high
user_327,7,2.9,4.7,3,Yes,7.9,high
user_722,6.1,3.7,5,4,Yes,9.5,high
user_251,7.6,3,3.7,3,No,10.2,medium
user_319,7.5,3.1,4.5,3,Yes,8.1,medium
user_455,4.9,3.1,5.1,2,No,9.2,high
user_30,4.6,2.5,4.8,1,Yes,7.6,high
user_52,6.8,2.1,5.2,1,No,8,medium
user_56,7.4,3.4,5.1,1,No,7.7,low
user_402,6.6,2.5,4.7,1,No,8,medium
user_611,6,3.4,3.9,3,Yes,7.6,high
user_365,7.2,3,3,1,Yes,8.3,medium
user_203,7.2,4.2,4.5,2,No,4.7,low
user_582,6.7,2.6,4.8,2,No,9.1,medium
user_716,7.1,2.1,4.7,3,Yes,7.7,medium
user_467,7.7,3.8,5.5,1,Yes,7.9,medium
user_660,5.7,2.4,4.5,1,Yes,7.3,high
user_238,5.7,2.6,4.3,1,No,7.9,medium
user_632,7.1,3.2,4,2,Yes,10.4,medium
user_402,7,2.5,4.1,0,No,8,low
user_682,6.2,2.3,4,1,Yes,6.9,medium
user_465,7.2,3,3.8,3,Yes,9.7,high
user_67,6.3,4.4,4.3,2,Yes,8.2,high
user_360,7.1,3.5,3.4,2,Yes,6.9,medium
user_175,5.8,3.2,4.2,3,Yes,7.5,high
user_619,5.7,3.2,6,3,No,7.4,high
user_106,5.5,3.7,4.6,2,Yes,7.8,high
user_110,7,3.2,3.3,1,Yes,8,medium
user_666,6.1,4.4,4,2,No,9.4,medium
user_546,7.7,3.4,3.4,2,Yes,8,medium
user_605,7.8,3.8,3.4,3,Yes,8.3,medium
user_636,8.7,2.7,3.6,2,No,8.4,low
user_163,5.8,3.3,2.7,2,Yes,9.2,high
user_68,7.4,2.6,3.9,2,Yes,8.9,high
user_711,6.2,2,4.2,1,Yes,8.4,medium
user_581,7,2.9,4.5,2,Yes,7.5,medium
user_711,6.3,1.6,1.7,2,No,9.7,medium
user_679,6.8,3.1,3,3,No,7.8,medium
user_729,6,3.5,4,1,Yes,9.7,medium
user_607,5.8,3.1,4,2,Yes,8.3,high
user_569,5.7,2.3,3.7,2,No,8.5,medium
user_181,6.7,3.4,5.1,1,Yes,9.2,medium
user_72,6.9,2.4,5.3,1,No,7.9,medium
user_611,7.2,2.4,3.8,3,Yes,7.7,high
user_507,6,2.8,4.2,2,No,7.2,medium
user_223,7.4,2.3,4.6,2,No,8.1,medium
user_652,7.4,4.4,4.7,3,No,6.1,low
user_677,6.3,2.6,3,2,No,6.7,medium
user_545,6.3,3.1,3.4,2,Yes,6.6,high
user_631,6.3,1.9,3.8,2,Yes,8.7,high
user_211,7.1,2.9,4.2,2,Yes,8.2,medium
user_584,6,3.6,3.2,2,Yes,6.6,high
user_736,6.2,1.9,3.1,3,Yes,8.2,high
user_597,5.1,3.8,4.4,2,No,7.6,high
user_523,7.6,4.7,4.3,1,Yes,9.1,medium
user_302,6.6,3.6,4,1,No,10.9,medium
user_563,6.6,2.1,3.8,2,No,8.2,medium
user_721,7.7,3.4,4.3,1,Yes,9.2,medium
user_289,6.2,1.8,4.7,2,No,7.6,medium
user_443,5.7,2.1,4.2,1,Yes,10.6,high
user_326,6.6,3.4,3.6,1,Yes,8.1,high
user_391,6.6,2.7,3.9,0,Yes,10.7,high
user_217,5.3,3,5.3,2,No,7.8,high
user_143,6.4,3.3,4.1,3,No,5.3,medium
user_394,7.1,1.5,3.4,1,Yes,8.2,medium
user_158,5.9,2.8,4.1,2,Yes,8.2,high
user_129,6.5,3.7,4.7,1,No,8.1,medium
user_74,5.8,3,4.7,1,No,7.6,medium
user_739,6.1,3.4,2.6,2,Yes,7.5,high
user_448,6.9,1.6,3.7,3,No,9,medium
user_141,6.4,2.7,3.5,1,Yes,7.9,high
user_713,6.7,3.5,4.9,2,Yes,8.1,high
user_185,5.6,2.8,3.2,2,Yes,7.9,high
user_435,5.5,3.6,5.2,0,Yes,7,medium
user_364,5,4,4.7,1,No,8.8,medium
user_435,5.4,4.6,3.1,2,No,10,high
user_511,4.8,2.6,5.2,2,No,7.3,high
user_514,5.6,1.7,4.3,1,Yes,7.2,high
user_560,6.4,1,3.3,1,Yes,9.3,high
user_39,6.7,2.4,5,2,Yes,7.5,high
user_378,5,2.9,3.2,3,No,7.9,medium
user_494,5.5,3.3,3.6,3,No,7.7,medium
user_748,6.3,3.2,3.6,1,Yes,7.1,medium
user_530,5.5,3.8,3.8,2,No,9.3,medium
user_625,7.7,4.1,3.4,3,No,9.3,medium
user_484,6.1,3.8,3.8,1,No,6.5,low
user_649,7.2,4,3.1,1,Yes,10,medium
user_55,6.5,3,3.8,1,Yes,10.3,high
user_12,5.7,3.4,3.7,1,Yes,10.5,high
user_525,6.1,2.2,4.3,0,Yes,7.4,medium
user_752,6.3,2.6,5.3,0,Yes,7.2,medium
user_362,6.6,2.9,4.3,2,Yes,8.5,medium
user_172,9.5,2.8,4.4,1,No,7.7,low
user_612,6.1,3.5,5,2,Yes,7.1,high
user_578,5.3,3.2,3.6,2,Yes,9.4,high
user_645,7.3,2.5,3.2,1,Yes,9,medium
user_174,5.3,2.1,3.2,0,No,8.9,medium
user_299,6.6,4.5,5.9,1,No,7.7,low
user_497,6.1,2.8,4.4,2,No,8.8,medium
user_518,5.1,2.5,4.9,2,No,9.2,high
user_259,6,2.1,4.1,2,No,6.2,medium
user_288,5.1,3.1,3,2,Yes,6.5,high
user_15,6.3,2.3,4.2,1,No,7.9,low
user_179,7,3.7,3.8,2,No,7.8,low
user_458,6.3,3.5,4.3,1,Yes,7.7,medium
user_268,6,3.4,3.8,2,No,9.5,medium
user_186,5,1.9,4.7,2,No,9.1,high
user_87,7.5,2.3,3.7,2,No,9.7,medium
user_158,7,4.1,4.1,2,Yes,7.2,high
user_393,6.8,1.8,3,3,No,9.7,medium
user_451,6.3,2.1,4.1,2,No,8.6,medium
user_592,5.9,2.6,5.3,3,Yes,8.8,high
user_658,6.1,3.1,3.2,2,Yes,6.7,high
user_54,7.3,2,4.2,1,No,8.1,low
user_409,6.5,3.1,4.4,2,Yes,10.6,high
user_488,6.5,1.1,4.3,3,No,8.3,medium
user_700,6.3,1.9,3.9,2,Yes,8.7,high
user_269,6.2,3.4,4.5,2,No,8.7,medium
user_446,5.9,3.3,3.3,2,No,8.3,medium
user_460,7,3.1,4.9,2,Yes,7,medium
user_324,6.3,2.6,5,3,No,7.8,medium
user_545,6.3,2.6,5,1,Yes,8.4,medium
user_626,6,1,2.2,2,Yes,10,high
user_277,6.4,2.3,3.9,3,Yes,8.8,high
user_262,6.9,3.2,3.1,3,Yes,8.2,high
user_692,6,3.1,4.1,2,No,7,medium
user_689,6.2,2.6,3,1,No,8.4,medium
user_346,4.9,3.1,2.5,2,No,7.2,high
user_561,8.3,3.3,3.3,3,No,7,low
user_9,6.6,3.5,4.2,1,No,8.3,low
user_422,8,4.2,3.7,0,No,6.6,low
user_107,5.8,3.2,5.3,0,Yes,8,high
user_225,6.5,3.1,4.7,1,Yes,7.2,high
user_198,7.2,3.9,2.9,2,No,9.8,low
user_635,7.5,3.7,5.7,1,No,9.1,low
user_609,7,3.3,6.1,3,No,8.8,medium
user_654,6.4,3.4,3.8,2,No,8.3,medium
user_123,6.6,3.8,4.4,1,No,8.8,medium
user_134,6.9,1.1,4.2,2,Yes,8.8,high
user_664,5.5,3.2,3.6,2,No,6.7,medium
user_713,7.4,3.8,4.8,1,No,11.3,low
user_302,6.8,3.5,3.9,2,Yes,7.3,medium
user_78,5.4,4.7,3.9,1,Yes,10.8,high
user_438,5.9,2.5,3.9,1,Yes,7.9,high
user_166,5.4,3.9,4.1,1,No,6.8,medium
user_64,4.7,4.1,3.4,3,Yes,7.4,high
user_341,6.1,3.8,4.4,2,No,8.1,medium
user_272,6.4,3.5,4.2,2,No,7.5,medium
user_72,5.8,2.7,4.9,3,Yes,8.6,high
user_625,7.2,3.3,3.1,3,Yes,7.1,medium
user_661,6.3,2.9,5,1,Yes,8.4,medium
user_148,6,2.9,3.3,3,Yes,8.8,high
user_629,5.8,2.6,3.6,3,No,10.1,high
user_733,6.3,3.7,3,2,Yes,8.2,high
user_36,5.5,3.2,4.4,2,No,8.1,medium
user_586,6.5,1.3,3.8,3,Yes,7.5,high
user_20,5.5,2.8,4,2,Yes,9.6,high
user_669,6.5,1.9,3.4,2,No,10.1,medium
user_681,8.6,3,4.1,3,Yes,8.1,medium
user_156,6.4,0.7,4.8,1,Yes,10.6,high
user_589,4.9,4.4,3.9,2,No,6.8,high
user_725,6.2,2.9,2.5,2,Yes,8.1,high
user_447,6,1.7,4.3,1,Yes,7.3,medium
user_72,5.4,2.5,4.3,1,No,8.2,medium
user_394,6.4,3,2.7,0,Yes,10.3,high
user_581,6,2.7,4.3,4,Yes,7.7,high
user_699,7,2.8,4.7,1,Yes,7.6,medium
user_57,6.7,2.9,2.8,2,No,7.6,medium
user_548,7.4,3.3,4.3,2,Yes,8.7,medium
user_471,7.1,4.4,4.5,3,Yes,7.2,medium
user_208,6.3,3.3,3.7,3,No,8,medium
user_41,5.9,2.8,4.5,3,Yes,7.6,high
user_196,7.8,3,4.2,2,Yes,7.2,medium
user_400,7.6,2.6,4.2,2,No,6.5,low
user_706,7.2,2.6,3.8,1,Yes,7.5,medium
user_87,6.7,1.7,3.3,2,Yes,7,high
user_195,7.7,2.9,5.7,2,No,9.6,low
user_198,5,3.5,3.9,3,No,7.1,medium
user_608,7.7,2.4,5.5,1,No,9.2,low
user_399,6.8,3,4.3,0,No,9.1,medium
user_659,5.1,2.5,4.6,1,Yes,5.6,high
user_547,6.7,2.8,5,1,Yes,7.6,high
user_38,6,3.2,4.5,2,Yes,7.4,high
user_346,6.5,3.5,3.4,1,No,8.6,medium
user_122,5.7,3.8,3.9,4,No,8.3,high
user_684,5.5,3.4,4.1,2,Yes,9.1,high
user_550,5.9,2.5,4.1,2,No,7.3,medium
user_594,6.5,2.3,4.4,2,No,9.2,medium
user_38,5.5,2.1,5.7,3,No,9,high
user_670,6.3,3.3,4.3,1,No,8.2,medium
user_634,7.7,3.2,4.4,2,No,8.3,medium
user_719,6.6,1.4,4.4,3,No,7.5,high
user_177,6.7,2.5,4.1,2,No,8.7,medium
user_100,6.2,2.2,4.7,3,Yes,8.5,high
user_175,5.6,2.9,3.4,1,No,6.7,medium
user_117,7.2,2.4,4.6,0,Yes,8.3,medium
user_631,7.5,2.6,4.3,1,No,8.1,low
user_208,6.4,3.1,4.2,2,Yes,7.6,high
user_756,6.2,2.4,4.9,2,Yes,7.7,high
user_124,7.1,2.5,4.3,2,No,7.5,low
user_219,6.2,1.6,3.7,2,No,10.3,high
user_178,7.5,3.1,2.9,2,Yes,9.2,medium
user_124,6.4,3.4,3.6,2,Yes,9.5,high
user_426,6.2,3.7,4.4,2,No,7.2,medium
user_379,7.1,2.4,4.5,0,No,9.1,low
user_250,5.9,3.9,5.1,1,No,9.6,medium
user_103,6.6,3.6,5,2,Yes,9,high
user_17,5.9,3.1,3.9,1,Yes,9.2,high
user_7,6.4,3.2,4.2,2,No,8.4,medium
user_92,5.2,4.8,4.2,0,Yes,9.2,high
user_711,6.9,3,3.9,1,Yes,9,high
user_130,6.3,3.5,3.8,3,No,8.6,medium
user_656,8.3,3.2,4.2,2,Yes,7.3,medium
user_462,5.7,3.4,3.9,1,Yes,9.1,high
user_179,5.7,3.6,3.7,2,No,9.2,high
user_185,7.3,2.8,5.3,2,Yes,8.8,high
user_91,4.8,3.7,3.6,1,Yes,7.4,high
user_429,6.8,3,3.6,0,No,6.8,low
user_242,6.1,3,5.3,3,No,9,medium
user_543,4.7,3.6,3.6,3,No,8.6,high
user_371,7.6,2.9,4.8,1,No,8,low
user_642,7.5,3.5,3.3,2,No,7.9,low
user_55,4.6,2.7,3.5,1,No,9.5,high
user_153,6.8,2.9,3.7,2,Yes,6.3,high
user_181,6.5,1.7,3.3,2,No,7.6,medium
user_45,6.3,1.9,3.5,3,No,8.3,medium
user_373,6.2,3.5,4.7,3,Yes,7.6,high
user_446,5.7,4.1,4.6,1,Yes,9.6,high
user_632,6.5,4.9,4.5,1,Yes,9.3,high
user_107,6.5,2.7,4.3,2,No,6.9,medium
user_181,5.6,2.5,2,1,No,10.1,medium
user_497,5.8,2.4,4.9,2,No,8.9,high
user_241,6,2.7,3.3,1,Yes,7.1,medium
user_594,6.6,2.2,4.5,3,Yes,7.5,high
user_204,5.8,2.2,3.8,4,Yes,9.6,high
user_113,6.6,3.7,4.4,3,Yes,10.1,high
user_101,6.8,3.2,3.6,1,No,6.1,low
user_423,6.7,4.7,3.3,1,No,8.8,low
user_226,7.8,1.8,4.3,4,No,8.4,medium
user_600,5.6,4.1,3.7,2,Yes,7.8,high
user_447,6.2,3.4,4.2,3,No,9.6,medium
user_625,5.5,2.9,4.9,1,Yes,7.5,high
user_397,6,1.7,3,1,Yes,8.9,high
user_469,4.6,3.9,3.7,2,No,7.5,medium
user_368,6.7,1.6,3.4,2,Yes,9.1,high
user_344,7,2,3.8,3,No,8,medium
user_709,7.3,2.5,3.6,3,No,7.1,medium
user_140,5.7,3.8,4.8,1,No,8.9,medium
user_470,6.9,4.5,3.5,0,Yes,9.9,medium
user_352,6.7,2.6,3.7,3,No,6.5,medium
user_619,6.2,1.9,3.4,2,No,8.8,medium
user_627,7,2.8,5.3,3,No,12.1,medium
user_567,7.8,3.8,3.7,1,No,8.6,low
user_422,6.1,4.2,3.9,2,Yes,6.2,high
user_606,5.4,4.1,2.4,2,Yes,7.8,high
user_286,7.2,2.4,3.2,1,No,8.1,low
user_439,6.6,2.4,3.5,2,No,8.1,medium
user_336,7.8,3,4.9,2,Yes,8.5,medium
user_228,5.6,2.9,4.6,1,No,9.2,medium
user_6,7,3.6,3.2,1,Yes,7.8,medium
user_42,6.1,1.5,5.1,2,Yes,5.8,high
user_517,7.5,2.7,4.9,2,No,8.3,medium
user_544,6.4,1.8,3.8,2,Yes,10.4,high
user_714,7.3,3,3.9,3,No,9.1,medium
user_508,6.1,3.1,4.8,1,No,8.2,medium
user_572,6.4,0.4,5.7,2,No,8.9,high
user_750,5.7,2.7,2.6,1,Yes,6.9,medium
user_136,7.3,2.6,4.5,2,Yes,7.4,high
user_245,6.8,4.5,5.2,2,No,9.1,medium
user_492,5.6,3.2,3.9,1,Yes,8,high
user_721,5.3,2.8,3.6,3,Yes,7.1,high
user_766,6.1,2.6,4,4,No,8.9,high
user_475,6.7,2.1,4.4,3,No,8,medium
user_416,7.1,4.6,4.7,2,No,7,low
user_642,4.7,3.9,4.9,1,Yes,6.6,high
user_649,5.4,2.9,5.1,2,No,7,medium
user_73,5.4,3.7,4.5,1,Yes,8.3,high
user_341,5.3,2,5,1,No,8.9,medium
user_437,6.5,4.1,4.3,0,Yes,9.3,medium
user_628,5.6,3.3,5,2,No,7.4,medium
user_83,4.9,4.2,5.8,2,Yes,9,high
user_57,6.1,2.2,4,1,Yes,7.9,medium
user_114,7.3,3.9,4.2,3,Yes,7.9,medium
user_477,6.5,1.7,2.4,1,No,5.8,low
user_376,5.9,2.6,4.2,2,No,8.2,high
user_573,7.3,3.5,4.6,4,No,9.8,medium
user_727,5.9,3.1,3.2,1,No,8,medium
user_343,6.1,3.2,3,1,No,7.3,low
user_117,6.3,3.5,4.4,1,Yes,8.8,high
user_771,6.2,4.9,3.9,2,No,7.4,medium
user_231,6.4,1.5,3.1,1,Yes,8.6,high
user_274,5.2,4.4,4.2,1,Yes,6.8,high
user_56,6.5,3.2,3.6,2,No,8.8,medium
user_354,5.6,2.2,2.4,2,Yes,8.7,high
user_514,6.2,2.2,4,2,No,9.6,medium
user_727,6.4,2.1,4.6,2,Yes,6.1,high
user_636,7.1,2.3,3.9,3,Yes,8,high
user_710,7,3.1,4,0,No,9.7,low
user_469,5.4,2.7,4.7,1,No,9.2,medium
user_401,7.7,3,2.8,2,No,9.2,medium
user_79,6.4,3.2,4,3,No,7.2,medium
user_283,5.4,2.7,3,3,No,10.7,high
user_152,6,1.7,4.3,1,Yes,7.4,medium
user_210,5.9,2.5,4.2,2,No,8.6,medium
user_427,6.4,3.2,3.4,2,No,8.2,medium
user_356,6.3,3.1,4.4,1,Yes,8,medium
user_756,6.4,2.4,3.9,4,No,9,high
user_194,6,2.6,4.1,0,No,7.1,low
user_238,5.9,3.6,3.3,2,Yes,7.5,high
user_593,7.4,4.1,4.5,3,Yes,7.1,medium
user_662,5.5,3.5,5.5,3,Yes,8,high
user_608,6.6,2.6,3.9,1,Yes,7.8,high
user_312,6.6,1.4,3.7,1,No,7.8,medium
user_176,6.9,3.1,5.7,2,Yes,7,high
user_496,5.7,3.3,3.3,2,Yes,9.7,high
user_49,6.7,3.5,5.5,3,No,7.3,medium
user_292,7.3,3.3,4.6,3,Yes,8.6,medium
user_634,7.6,2.9,4.3,2,No,8.3,medium
user_549,8,4.3,4.4,3,Yes,8.9,medium
user_180,7.2,4.1,3.1,1,No,10.3,low
user_244,7.1,4.1,3.9,1,No,8.6,low
user_325,7.4,3.1,2.9,2,No,8,medium
user_267,6.1,3.7,4.3,2,Yes,7.6,high
user_211,6.6,4,3.1,3,No,6.4,medium
user_325,6,1.6,3.8,1,Yes,5.7,medium
user_382,6.8,3.4,3.4,0,Yes,8.9,medium
user_167,5.8,1.5,4.9,1,Yes,9.5,high
user_26,6.5,4,5.8,2,Yes,9.4,high
user_149,5.6,2,4.7,0,Yes,9.2,high
user_160,5.6,2,5,2,No,9.4,high
user_560,6.8,2.4,4,2,Yes,9.7,high
user_723,6.6,3.4,4,2,Yes,8.2,high
user_297,7.9,2.5,3,3,No,6.7,medium
user_747,7.5,0.7,3.7,3,Yes,7.8,high
user_706,5.9,2.6,3.9,1,No,7.9,medium
user_491,5.7,3.4,4.5,0,No,7.6,medium
user_695,5.9,2.8,4.6,1,No,8.4,medium
user_26,5.3,4.7,4,0,Yes,9.3,high
user_226,7.3,3.6,4.2,1,Yes,7.3,medium
user_95,6.1,2.9,3.4,1,Yes,9,high
user_623,6.3,4,3.3,2,No,7.3,medium
user_540,7.4,3.7,4.8,3,No,9.6,low
user_201,6.1,3.4,5.3,2,No,8,medium
user_552,6.3,2.1,4.2,2,Yes,7.4,high
user_688,7.1,1.7,3.9,2,No,7.4,low
user_404,6.3,3.2,3.8,2,No,6.6,medium
user_326,6,3.4,4.5,0,No,8.4,medium
user_370,6.1,3.6,3.5,3,Yes,8.3,high
user_734,5.2,3.1,3.8,2,Yes,9.3,high
user_396,6.4,2.5,4.5,2,Yes,8.3,high
user_292,5.5,3,3.2,2,Yes,8.2,high
user_316,6.3,3.5,4,2,Yes,7.5,high
user_90,7,3.7,5.2,0,No,8.1,low
user_455,7.5,4.1,4.6,2,Yes,7.9,high
user_296,6.2,3.2,5.2,1,No,10.3,medium
user_435,6.8,3.6,5.4,2,Yes,7.5,medium
user_602,6.9,2.8,4.6,3,No,8.1,medium
user_213,6.1,3.7,4.6,2,Yes,8.2,high
user_538,5.2,3.2,5.1,4,Yes,8.3,high
user_605,7.5,3,4.6,1,Yes,6.9,medium
user_7,6,3.5,5,3,Yes,8.5,high
user_280,5.9,3,4.4,2,Yes,9.3,high
user_570,6.2,4.6,4.5,1,Yes,9.4,medium
user_582,7.2,3.3,2,1,No,8.6,low
user_191,6.4,3,5.2,1,Yes,8.4,high
user_568,7.1,2,4,3,Yes,7.7,medium
user_310,6,2.5,4.7,1,Yes,8.2,high
user_573,5.8,2.1,4.2,2,Yes,5.3,high
user_28,5.4,2.4,3.4,3,No,7.7,high
user_269,6,4.1,4.2,2,Yes,7.2,high
user_652,7.3,3.1,4.4,2,Yes,9.9,high
user_670,6.3,2.8,4.1,2,Yes,7.7,high
user_184,5.8,1.1,5.3,1,Yes,9.6,high
user_661,8.1,4,3.9,1,No,7.8,low
user_123,5.4,3.6,4.5,2,Yes,8.5,high
user_69,4.9,3.1,6.1,2,Yes,7.2,high
user_493,5.7,2,5.2,3,Yes,8.4,high
user_644,6.3,2.5,4.5,2,Yes,8.2,high
user_123,5.9,1.9,4.4,1,Yes,7.6,high
user_751,4.9,2.2,3,3,No,7.7,high
user_167,6.9,2,3.7,1,No,7.8,low
user_328,5.6,2.8,3.1,1,Yes,8.9,high
user_139,7.5,2,4.5,2,Yes,7.8,high
user_55,6,3.2,4.4,3,Yes,8.4,high
user_430,7.5,4.3,3.7,2,Yes,8.1,medium
user_297,5.2,3.9,4.3,0,Yes,9.2,high
user_655,5.8,2.1,4.5,1,No,7.8,medium
user_199,5,1.6,4.3,2,No,10.3,high
user_614,6.4,3.2,4.7,2,No,7.8,medium
user_331,6.4,2.1,3.8,1,Yes,9.2,high
user_309,5.9,3,4.6,2,Yes,9.5,high
user_715,6,2.4,3.7,1,Yes,7.5,medium
user_548,5.9,3.2,4.1,3,Yes,6.6,high
user_14,5.5,3.3,3.6,1,No,7.7,medium
user_289,6.9,3.5,4.9,3,Yes,9.1,high
user_422,6.4,2.6,4.4,2,Yes,8.1,high
user_105,5.5,3.5,4.1,3,No,7.8,medium
user_516,6.4,3.4,4.4,2,No,8.5,medium
user_573,6.1,2.2,4.7,2,No,10,medium
user_472,5.5,2,3.3,2,No,6.7,medium
user_135,6.7,2.4,4.8,3,No,8.2,medium
user_357,6.4,3.1,4,1,Yes,7.9,medium
user_372,6.1,2.2,2.4,2,No,7.2,medium
user_612,7.7,4.9,5.2,2,Yes,10.5,medium
user_727,6.4,1.9,3.1,4,Yes,8.3,high
user_763,6.8,3.2,4.6,2,No,8.3,medium
user_132,7.3,2.5,3.9,2,No,8.7,medium
user_233,6.4,4.6,5.4,2,Yes,8.1,high
user_215,5.8,2.7,2.8,2,No,10.4,high
user_436,7.4,3.4,4.7,1,No,9.4,low
user_20,6.5,2.5,2.4,0,Yes,10.6,high
user_44,7.1,3.3,4.3,1,No,8.5,low
user_34,6.4,2.6,3.3,3,No,7.1,medium
user_122,4.5,4.2,1.5,2,Yes,9.1,high
user_68,5.7,3,3.9,2,Yes,9.2,high
user_11,7.4,1.8,4.4,1,No,10.2,medium
user_617,7.8,2.9,4.6,3,No,9.8,medium
user_205,7.3,2.7,4.1,2,No,8.3,medium
user_360,6.2,3.2,3.6,2,No,7.2,medium
user_150,6.3,3.5,3.3,2,Yes,9.8,high
user_357,7.1,2.9,3.9,1,Yes,8.9,medium
user_513,6.7,2.6,3.3,2,No,7.9,medium
user_584,7.4,1.6,5.2,2,No,8.4,medium
user_593,5.5,3.1,5,3,No,8.6,high
user_223,6.8,3.5,3.6,3,No,7,medium
user_176,7.2,3.6,4.1,3,No,8.3,low
user_102,6.3,2.7,4.3,1,No,9.1,medium
user_725,5.9,3.6,2.8,2,Yes,8.6,high
